Datetime,Close,Signal,Session,QG,RSI_14,EMA_50,EMA_200,High,Low,SweepHi,SweepLo,Score
2025-09-24 23:00:00+00:00,18.413360595703125,FLAT,Other,Q1,,18.413360595703125,18.413360595703125,18.41506004333496,18.40999984741211,0,0,0
2025-09-24 23:15:00+00:00,18.415250778198242,FLAT,Other,Q1,99.99999994709505,18.413434720506856,18.41337940348915,18.416460037231445,18.409000396728516,0,0,40
2025-09-24 23:30:00+00:00,18.415000915527344,FLAT,Other,Q1,98.99339167614764,18.413496139919424,18.41339553793729,18.41900062561035,18.410999298095703,0,0,40
2025-09-24 23:45:00+00:00,18.413999557495117,FLAT,Other,Q1,94.87175124198976,18.413515881785138,18.413401548082145,18.422000885009766,18.41200065612793,0,0,40
2025-09-25 00:00:00+00:00,18.413999557495117,FLAT,Asia,Q1,94.87175123774165,18.41353484946004,18.413407498424565,18.422000885009766,18.411500930786133,0,0,40
2025-09-25 00:15:00+00:00,18.417909622192383,FLAT,Asia,Q1,95.68529185993054,18.413706409175035,18.413452295675988,18.422000885009766,18.411500930786133,0,0,40
2025-09-25 00:30:00+00:00,18.413000106811523,SELL,Asia,Q1,78.78503649399173,18.413678711043133,18.413447796284302,18.42099952697754,18.409500122070312,0,0,40
2025-09-25 00:45:00+00:00,18.410619735717773,SELL,Asia,Q1,72.13274506090818,18.413558751226454,18.41341965637817,18.42300033569336,18.405000686645508,0,0,40
2025-09-25 01:00:00+00:00,18.40999984741211,SELL,Asia,Q1,70.46415656850479,18.41341918637099,18.41338562842826,18.41699981689453,18.405000686645508,0,0,40
2025-09-25 01:15:00+00:00,18.41510009765625,FLAT,Asia,Q1,75.48821274842477,18.413485104460612,18.413402687823563,18.42099952697754,18.40850067138672,0,0,40
2025-09-25 01:30:00+00:00,18.40999984741211,FLAT,Asia,Q1,63.80085603625506,18.41334842771361,18.41336882871499,18.417999267578125,18.405000686645508,0,0,20
2025-09-25 01:45:00+00:00,18.406200408935547,FLAT,Asia,Q1,56.75182240089847,18.413068113251725,18.413297501154997,18.416000366210938,18.40399932861328,0,0,20
2025-09-25 02:00:00+00:00,18.406400680541992,FLAT,Asia,Q1,57.021372974298636,18.412806645302325,18.41322887607427,18.413000106811523,18.399499893188477,0,0,20
2025-09-25 02:15:00+00:00,18.39900016784668,FLAT,Asia,Q1,45.689201675769965,18.412265214813868,18.413087296887927,18.41200065612793,18.398500442504883,0,0,20
2025-09-25 02:30:00+00:00,18.403499603271484,FLAT,Asia,Q1,51.942606843175966,18.411921465341617,18.412991896951443,18.406999588012695,18.398000717163086,0,0,20
2025-09-25 02:45:00+00:00,18.39900016784668,FLAT,Asia,Q1,46.21236138013322,18.411414747792797,18.41285267576632,18.406999588012695,18.398000717163086,0,0,20
2025-09-25 03:00:00+00:00,18.402000427246094,FLAT,Asia,Q1,50.16063674622061,18.411045558751752,18.412744693193982,18.406999588012695,18.398000717163086,0,0,20
2025-09-25 03:15:00+00:00,18.398000717163086,FLAT,Asia,Q1,45.37842536118861,18.41053399633651,18.412597986964823,18.406999588012695,18.39699935913086,0,0,20
2025-09-25 03:30:00+00:00,18.40089988708496,FLAT,Asia,Q1,49.16185177740648,18.410156188130568,18.412481587961043,18.406999588012695,18.39550018310547,0,0,20
2025-09-25 03:45:00+00:00,18.39699935913086,FLAT,Asia,Q1,44.67801914077283,18.409640234052148,18.41232753593288,18.40399932861328,18.39349937438965,0,0,20
2025-09-25 04:00:00+00:00,18.400999069213867,FLAT,Asia,Q1,49.74013710556275,18.409301364842804,18.412214814871,18.406999588012695,18.394500732421875,0,0,20
2025-09-25 04:15:00+00:00,18.40180015563965,FLAT,Asia,Q1,50.71289198594147,18.409007199776013,18.412111186420937,18.406999588012695,18.395999908447266,0,0,20
2025-09-25 04:30:00+00:00,18.402099609375,FLAT,Asia,Q1,51.093940119320486,18.408736313877935,18.412011568738887,18.406999588012695,18.39699935913086,0,0,20
2025-09-25 04:45:00+00:00,18.39900016784668,FLAT,Asia,Q1,47.04021583998189,18.40835450422965,18.411882102063345,18.408000946044922,18.39699935913086,0,0,20
2025-09-25 05:00:00+00:00,18.407760620117188,FLAT,Asia,Q1,57.34201181122491,18.408331214656613,18.411841092292736,18.40999984741211,18.398000717163086,0,0,20
2025-09-25 05:15:00+00:00,18.408889770507812,FLAT,Asia,Q1,58.463529863550406,18.408353118807643,18.41181172590682,18.41200065612793,18.40250015258789,0,0,20
2025-09-25 05:30:00+00:00,18.4060001373291,FLAT,Asia,Q1,54.513625543507544,18.40826084502417,18.411753899154803,18.413000106811523,18.40250015258789,0,0,20
2025-09-25 05:45:00+00:00,18.403499603271484,FLAT,Asia,Q1,51.284657519629185,18.40807412966132,18.411671766857456,18.41200065612793,18.402000427246094,0,0,20
2025-09-25 06:00:00+00:00,18.409900665283203,FLAT,Asia,Q1,58.122828582708614,18.40814575850924,18.41165414395622,18.41699981689453,18.402999877929688,0,0,20
2025-09-25 06:15:00+00:00,18.410499572753906,FLAT,Asia,Q1,58.70687097644527,18.408238064950208,18.41164265568555,18.41900062561035,18.40250015258789,0,0,20
2025-09-25 06:30:00+00:00,18.40760040283203,FLAT,Asia,Q1,54.72786865848899,18.408213058592633,18.411602434264125,18.417999267578125,18.40250015258789,0,0,20
2025-09-25 06:45:00+00:00,18.406299591064453,FLAT,Asia,Q1,52.992370813736365,18.40813802065035,18.411549669655173,18.41200065612793,18.395999908447266,0,0,20
2025-09-25 07:00:00+00:00,18.426799774169922,FLAT,London,Q1,69.43984127709271,18.408869854121708,18.411701411988656,18.430999755859375,18.400999069213867,0,0,20
2025-09-25 07:15:00+00:00,18.41950035095215,FLAT,London,Q1,61.22540239012179,18.409286736350353,18.41177901337138,18.43000030517578,18.413999557495117,0,0,20
2025-09-25 07:30:00+00:00,18.41636085510254,FLAT,London,Q1,58.04494459696742,18.409564152772006,18.41182460383637,18.42683982849121,18.409000396728516,0,0,20
2025-09-25 07:45:00+00:00,18.41935920715332,FLAT,London,Q1,60.17281416176792,18.409948272551667,18.41189957501365,18.42840003967285,18.410499572753906,0,0,20
2025-09-25 08:00:00+00:00,18.406099319458008,FLAT,London,Q1,48.465976921277104,18.409797333214662,18.411841861028023,18.421709060668945,18.399999618530273,0,0,20
2025-09-25 08:15:00+00:00,18.405399322509766,FLAT,London,Q1,47.935776571880155,18.409624862206627,18.411777756167144,18.41581916809082,18.396499633789062,0,0,20
2025-09-25 08:30:00+00:00,18.4183292388916,FLAT,London,Q1,57.240789285024285,18.40996621031192,18.411842945049973,18.421110153198242,18.39900016784668,0,0,20
2025-09-25 08:45:00+00:00,18.416419982910156,FLAT,London,Q1,55.65893811716734,18.41021929943342,18.41188848771525,18.421689987182617,18.406999588012695,0,0,20
2025-09-25 09:00:00+00:00,18.410179138183594,FLAT,London,Q1,50.72445884398563,18.41021772448245,18.4118714792622,18.41670036315918,18.399499893188477,0,0,20
2025-09-25 09:15:00+00:00,18.416690826416016,FLAT,London,Q1,55.18852439076072,18.4104715716171,18.41191943296522,18.417800903320312,18.40399932861328,0,0,20
2025-09-25 09:30:00+00:00,18.419599533081055,FLAT,London,Q1,57.05986802978906,18.410829530890197,18.411995851871847,18.42462921142578,18.411500930786133,0,0,20
2025-09-25 09:45:00+00:00,18.420700073242188,FLAT,London,Q1,57.778308162276154,18.411216610982432,18.412082461039713,18.424100875854492,18.413000106811523,0,0,20
2025-09-25 10:00:00+00:00,18.4153995513916,FLAT,London,Q1,53.16462876099855,18.411380647861225,18.41211546691386,18.421600341796875,18.410999298095703,0,0,20
2025-09-25 10:15:00+00:00,18.4197998046875,FLAT,London,Q1,56.28533894412544,18.411710810874023,18.412191927986235,18.4207706451416,18.40999984741211,0,0,20
2025-09-25 10:30:00+00:00,18.41905975341797,FLAT,London,Q1,55.61416710875597,18.41199900469928,18.412260264557695,18.420429229736328,18.41349983215332,0,0,20
2025-09-25 10:45:00+00:00,18.424549102783203,FLAT,London,Q1,59.47438483526267,18.41249116540845,18.412382541554965,18.424720764160156,18.41349983215332,0,0,20
2025-09-25 11:00:00+00:00,18.436349868774414,FLAT,London,Q1,66.26647135022387,18.413426800834564,18.41262102242282,18.437009811401367,18.418500900268555,0,0,20
2025-09-25 11:15:00+00:00,18.433879852294922,FLAT,London,Q1,63.85413984821357,18.41422888128399,18.412832553068313,18.436870574951172,18.42449951171875,0,0,20
2025-09-25 11:30:00+00:00,18.440980911254883,FLAT,London,Q1,67.51538506191784,18.415277980498534,18.41311263623435,18.44232940673828,18.423999786376953,0,0,40
2025-09-25 11:45:00+00:00,18.452899932861328,FLAT,London,Q1,72.54264286985276,18.416753351179427,18.413508529733125,18.455520629882812,18.434499740600586,0,0,60
2025-09-25 12:00:00+00:00,18.433870315551758,FLAT,NY,Q1,57.296619960811555,18.417424604684225,18.413711134567144,18.454700469970703,18.426000595092773,0,0,20
2025-09-25 12:15:00+00:00,18.431039810180664,FLAT,NY,Q1,55.430537228073945,18.417958534311538,18.413883559200116,18.44561004638672,18.413999557495117,0,0,20
2025-09-25 12:30:00+00:00,18.466299057006836,FLAT,NY,Q1,68.98250463256706,18.419854241083904,18.414405106441972,18.493999481201172,18.424999237060547,0,0,40
2025-09-25 12:45:00+00:00,18.46636962890625,FLAT,NY,Q1,69.00282027571157,18.42167837393968,18.414922166366992,18.4879093170166,18.45599937438965,0,0,40
2025-09-25 13:00:00+00:00,18.4689998626709,FLAT,NY,Q1,69.79682607043577,18.423534118595807,18.415460252897383,18.493000030517578,18.451000213623047,0,0,40
2025-09-25 13:15:00+00:00,18.467500686645508,FLAT,NY,Q1,68.71637600073852,18.42525829773501,18.41597806815856,18.479999542236328,18.44700050354004,0,0,40
2025-09-25 13:30:00+00:00,18.49169921875,FLAT,NY,Q1,75.34947257680365,18.42786382404932,18.416731512443054,18.500999450683594,18.452999114990234,1,0,100
2025-09-25 13:45:00+00:00,18.46179962158203,FLAT,NY,Q1,58.76865286449424,18.42919463963884,18.41717995133996,18.49799919128418,18.450000762939453,0,0,40
2025-09-25 14:00:00+00:00,18.456499099731445,FLAT,NY,Q1,56.39925955323135,18.430265402779728,18.417571186647336,18.476999282836914,18.437999725341797,0,0,40
2025-09-25 14:15:00+00:00,18.444080352783203,FLAT,NY,Q1,51.191693891647745,18.43080716552496,18.41783495944471,18.46500015258789,18.437999725341797,0,0,40
2025-09-25 14:30:00+00:00,18.436460494995117,FLAT,NY,Q1,48.24798854698963,18.431028864719867,18.418020288156658,18.447999954223633,18.423999786376953,0,0,20
2025-09-25 14:45:00+00:00,18.428909301757812,FLAT,NY,Q1,45.458265450953576,18.430945744603708,18.418128636550698,18.450000762939453,18.415000915527344,0,0,20
2025-09-25 15:00:00+00:00,18.445899963378906,FLAT,NY,Q1,52.160882880557544,18.431532184555678,18.418404968160928,18.45599937438965,18.418500900268555,0,0,40
2025-09-25 15:15:00+00:00,18.426000595092773,FLAT,NY,Q1,45.160972858619566,18.4313152594787,18.418480546538362,18.44654083251953,18.42449951171875,0,0,20
2025-09-25 15:30:00+00:00,18.431489944458008,FLAT,NY,Q1,47.263423098912504,18.43132210987005,18.418609993283834,18.444000244140625,18.41699981689453,0,0,20
2025-09-25 15:45:00+00:00,18.440750122070312,FLAT,NY,Q1,50.697337650672345,18.431691835838684,18.418830293072755,18.444000244140625,18.422000885009766,0,0,40
2025-09-25 16:00:00+00:00,18.42799949645996,FLAT,NY,Q1,46.23328638262095,18.43154703821599,18.418921528927356,18.44700050354004,18.42300033569336,0,0,20
2025-09-25 16:15:00+00:00,18.441469192504883,FLAT,NY,Q1,51.128899853122185,18.43193614230575,18.419145883788826,18.451000213623047,18.427000045776367,0,0,40
2025-09-25 16:30:00+00:00,18.431800842285156,FLAT,NY,Q1,47.76688367215532,18.43193083642259,18.419271803773864,18.44499969482422,18.42650032043457,0,0,20
2025-09-25 16:45:00+00:00,18.441600799560547,FLAT,NY,Q1,51.26497419298008,18.432310050663297,18.419493982836418,18.450000762939453,18.423999786376953,0,0,40
2025-09-25 17:00:00+00:00,18.45840072631836,FLAT,Other,Q1,56.627478637900566,18.433333214414475,18.419881114612355,18.466999053955078,18.430999755859375,0,0,40
2025-09-25 17:15:00+00:00,18.487899780273438,FLAT,Other,Q1,64.09770923116756,18.43547307974228,18.42055791725575,18.492000579833984,18.45199966430664,0,0,40
2025-09-25 17:30:00+00:00,18.493999481201172,FLAT,Other,Q1,65.42382495157594,18.43776823274067,18.421288679086054,18.506000518798828,18.476499557495117,1,0,80
2025-09-25 17:45:00+00:00,18.486000061035156,FLAT,Other,Q1,62.18009071203566,18.439659676987514,18.421932573433807,18.506999969482422,18.48200035095215,1,0,80
2025-09-25 18:00:00+00:00,18.535430908203125,FLAT,Other,Q1,71.56267222461044,18.44341541154499,18.42306191009818,18.549999237060547,18.483999252319336,0,0,60
2025-09-25 18:15:00+00:00,18.527000427246094,FLAT,Other,Q1,68.4439553916651,18.446693255297973,18.424096124199156,18.54199981689453,18.516000747680664,0,0,40
2025-09-25 18:30:00+00:00,18.532400131225586,FLAT,Other,Q1,69.36485362131512,18.45005430925592,18.425173776010364,18.563199996948242,18.525999069213867,1,0,80
2025-09-25 18:45:00+00:00,18.536060333251953,FLAT,Other,Q1,70.0038730294699,18.453427094510666,18.42627712483864,18.54400062561035,18.51849937438965,0,0,60
2025-09-25 19:00:00+00:00,18.524240493774414,FLAT,Other,Q1,65.2691634984417,18.456204090560224,18.427251884728552,18.554000854492188,18.513999938964844,0,0,40
2025-09-25 19:15:00+00:00,18.52199935913086,FLAT,Other,Q1,64.3800370109569,18.458784297170837,18.42819464566788,18.527999877929688,18.500999450683594,0,0,40
2025-09-25 19:30:00+00:00,18.511539459228516,FLAT,Other,Q1,60.25442208480432,18.460853127055454,18.429023947295352,18.520999908447266,18.5049991607666,0,0,40
2025-09-25 19:45:00+00:00,18.50160026550293,FLAT,Other,Q1,56.54633247779972,18.462451054053396,18.429746099715327,18.514999389648438,18.493000030517578,0,0,40
2025-09-25 20:00:00+00:00,18.466999053955078,FLAT,Other,Q1,45.94571540498581,18.462629406990715,18.430116775876918,18.507999420166016,18.46649932861328,0,0,40
2025-09-25 20:15:00+00:00,18.468599319458008,FLAT,Other,Q1,46.445756860838074,18.46286352120512,18.43049968675832,18.476999282836914,18.454999923706055,0,0,40
2025-09-25 20:30:00+00:00,18.468000411987305,FLAT,Other,Q1,46.27322946416698,18.463064967902458,18.43087282830289,18.479000091552734,18.454999923706055,0,0,40
2025-09-25 20:45:00+00:00,18.465999603271484,FLAT,Other,Q1,45.66298084379696,18.46318005164242,18.43122234845183,18.48200035095215,18.454999923706055,0,0,40
2025-09-25 21:00:00+00:00,18.45599937438965,FLAT,Other,Q1,42.63643710638692,18.46289845645604,18.43146888602335,18.503999710083008,18.447999954223633,0,0,40
2025-09-25 21:15:00+00:00,18.45438003540039,FLAT,Other,Q1,42.14926189104147,18.46256440072837,18.43169685765894,18.465669631958008,18.45438003540039,0,0,40
2025-09-25 21:30:00+00:00,18.455459594726562,FLAT,Other,Q1,42.61997730439954,18.46228578088516,18.431933302803895,18.503999710083008,18.450000762939453,0,0,40
2025-09-25 21:45:00+00:00,18.45199966430664,FLAT,Other,Q1,41.455744664129945,18.461882403764434,18.432132968092482,18.47100067138672,18.450000762939453,0,0,40
2025-09-25 22:00:00+00:00,18.47100067138672,FLAT,Other,Q1,49.5983800784392,18.462239982886878,18.432519711408844,18.481000900268555,18.45199966430664,0,0,40
2025-09-25 22:15:00+00:00,18.469280242919922,FLAT,Other,Q1,48.9347248232749,18.462516071515623,18.43288548784179,18.47226905822754,18.46299934387207,0,0,40
2025-09-25 22:30:00+00:00,18.466999053955078,FLAT,Other,Q1,48.017275913141326,18.462691874748543,18.43322492631058,18.471590042114258,18.465999603271484,0,0,40
2025-09-25 22:45:00+00:00,18.476560592651367,FLAT,Other,Q1,52.073239277537745,18.46323574603885,18.43365612697069,18.481000900268555,18.465999603271484,0,0,40
2025-09-25 23:00:00+00:00,18.479520797729492,FLAT,Other,Q1,53.28841282989315,18.463874375516916,18.434112491853863,18.481000900268555,18.472999572753906,0,0,40
2025-09-25 23:15:00+00:00,18.479999542236328,FLAT,Other,Q1,53.49378326827767,18.46450673499611,18.43456907941986,18.485450744628906,18.47599983215332,0,0,40
2025-09-25 23:30:00+00:00,18.479000091552734,FLAT,Other,Q1,52.9701983173819,18.4650751019199,18.435011179043073,18.488000869750977,18.47800064086914,0,0,40
2025-09-25 23:45:00+00:00,18.481199264526367,FLAT,Other,Q1,54.036258968663645,18.465707422022113,18.435470761983204,18.485000610351562,18.47800064086914,0,0,40
2025-09-26 00:00:00+00:00,18.483400344848633,FLAT,Asia,Q1,55.13248957573313,18.46640126213296,18.435947673255498,18.493000030517578,18.479000091552734,0,0,40
2025-09-26 00:15:00+00:00,18.479999542236328,FLAT,Asia,Q1,53.02811539237828,18.466934528019365,18.436386000310033,18.489999771118164,18.476999282836914,0,0,40
2025-09-26 00:30:00+00:00,18.480070114135742,FLAT,Asia,Q1,53.06814838967093,18.467449649043537,18.436820668109295,18.486000061035156,18.472999572753906,0,0,40
2025-09-26 00:45:00+00:00,18.472509384155273,FLAT,Asia,Q1,48.31701892040986,18.46764807002831,18.43717577971174,18.483999252319336,18.466999053955078,0,0,40
2025-09-26 01:00:00+00:00,18.479719161987305,FLAT,Asia,Q1,52.66867376217981,18.468121446183563,18.437599096948315,18.481000900268555,18.46500015258789,0,0,40
2025-09-26 01:15:00+00:00,18.475000381469727,FLAT,Asia,Q1,49.718051823872116,18.46839120835165,18.437971249033108,18.483999252319336,18.474000930786133,0,0,40
2025-09-26 01:30:00+00:00,18.47100067138672,FLAT,Asia,Q1,47.29925757655099,18.46849354023538,18.4382999000018,18.482999801635742,18.4685001373291,0,0,40
2025-09-26 01:45:00+00:00,18.481719970703125,FLAT,Asia,Q1,53.78802125750769,18.469012223783135,18.438731940506294,18.488069534301758,18.469999313354492,0,0,40
2025-09-26 02:00:00+00:00,18.475000381469727,FLAT,Asia,Q1,49.66025426332304,18.469247053496336,18.43909282051588,18.486000061035156,18.47100067138672,0,0,40
2025-09-26 02:15:00+00:00,18.4693603515625,FLAT,Asia,Q1,46.43892492394668,18.469251496557753,18.43939398997903,18.479000091552734,18.464000701904297,0,0,40
2025-09-26 02:30:00+00:00,18.466999053955078,FLAT,Asia,Q1,45.119323509487735,18.469163165475294,18.439668667232525,18.47100067138672,18.45949935913086,0,0,40
2025-09-26 02:45:00+00:00,18.4689998626709,FLAT,Asia,Q1,46.50640484635185,18.46915676144375,18.439960519923456,18.472999572753906,18.46299934387207,0,0,40
2025-09-26 03:00:00+00:00,18.468000411987305,FLAT,Asia,Q1,45.882568496614624,18.469111414406242,18.440239523824587,18.475099563598633,18.464000701904297,0,0,40
2025-09-26 03:15:00+00:00,18.470060348510742,FLAT,Asia,Q1,47.44726594773121,18.469148627508382,18.440536248448332,18.47599983215332,18.46500015258789,0,0,40
2025-09-26 03:30:00+00:00,18.461000442504883,FLAT,Asia,Q1,41.73222580432441,18.46882909084158,18.44073987226979,18.47153091430664,18.45800018310547,0,1,80
2025-09-26 03:45:00+00:00,18.466100692749023,FLAT,Asia,Q1,45.69756101151516,18.46872209483795,18.440992218742224,18.4689998626709,18.45800018310547,0,0,40
2025-09-26 04:00:00+00:00,18.461999893188477,FLAT,Asia,Q1,43.154596616784275,18.46845847908699,18.441201250328753,18.472999572753906,18.461000442504883,0,0,40
2025-09-26 04:15:00+00:00,18.46697998046875,FLAT,Asia,Q1,47.011029977644355,18.46840049874902,18.441457755106267,18.4689998626709,18.45800018310547,0,0,40
2025-09-26 04:30:00+00:00,18.459999084472656,FLAT,Asia,Q1,42.643807196909414,18.468071031522495,18.441642245945737,18.4689998626709,18.45800018310547,0,0,40
2025-09-26 04:45:00+00:00,18.458999633789062,FLAT,Asia,Q1,42.04163587022117,18.46771529043491,18.441814956272534,18.468000411987305,18.45800018310547,0,0,40
2025-09-26 05:00:00+00:00,18.46295928955078,FLAT,Asia,Q1,45.3351033344969,18.467528780596318,18.44202534764844,18.465999603271484,18.457000732421875,0,1,80
2025-09-26 05:15:00+00:00,18.458499908447266,FLAT,Asia,Q1,42.41210273553821,18.46717470717871,18.44218927362654,18.464000701904297,18.450000762939453,0,1,80
2025-09-26 05:30:00+00:00,18.459299087524414,FLAT,Asia,Q1,43.119899943351086,18.46686585934913,18.442359520530996,18.46500015258789,18.45400047302246,0,0,40
2025-09-26 05:45:00+00:00,18.46380043029785,FLAT,Asia,Q1,47.066227533374814,18.46674564644516,18.442572862916737,18.4689998626709,18.457000732421875,0,0,40
2025-09-26 06:00:00+00:00,18.46030044555664,FLAT,Asia,Q1,44.482027624865815,18.466492893469137,18.44274925677385,18.472999572753906,18.452999114990234,0,0,40
2025-09-26 06:15:00+00:00,18.467300415039062,FLAT,Asia,Q1,50.353173712063466,18.466524560981686,18.442993546905846,18.469999313354492,18.457000732421875,0,0,40
2025-09-26 06:30:00+00:00,18.4591007232666,FLAT,Asia,Q1,44.42642250122681,18.4662334300909,18.4431538173174,18.469999313354492,18.454999923706055,0,0,40
2025-09-26 06:45:00+00:00,18.454500198364258,FLAT,Asia,Q1,41.47665292215153,18.46577330335652,18.4432667166313,18.468000411987305,18.450000762939453,0,0,40
2025-09-26 07:00:00+00:00,18.460309982299805,FLAT,London,Q1,46.32359110967703,18.465559055471942,18.443436301364322,18.46500015258789,18.44099998474121,0,1,80
2025-09-26 07:15:00+00:00,18.460899353027344,FLAT,London,Q1,46.80489926854009,18.465376322042744,18.443610063072413,18.47599983215332,18.454500198364258,0,0,40
2025-09-26 07:30:00+00:00,18.466999053955078,FLAT,London,Q1,51.63823109861815,18.465439958588323,18.44384278934985,18.469999313354492,18.451000213623047,0,0,40
2025-09-26 07:45:00+00:00,18.4768009185791,FLAT,London,Q1,58.209345017769586,18.465885486431098,18.44417073093422,18.48200035095215,18.461000442504883,0,0,40
2025-09-26 08:00:00+00:00,18.460189819335938,FLAT,London,Q1,46.642967817534306,18.46566212693717,18.444330124848666,18.479000091552734,18.452999114990234,0,0,40
2025-09-26 08:15:00+00:00,18.46446990966797,FLAT,London,Q1,49.43118537464345,18.465615373318766,18.444530520717514,18.4689998626709,18.451499938964844,0,0,40
2025-09-26 08:30:00+00:00,18.464000701904297,FLAT,London,Q1,49.128102136618885,18.465552052871143,18.444724253863654,18.4689998626709,18.451000213623047,0,0,40
2025-09-26 08:45:00+00:00,18.459999084472656,FLAT,London,Q1,46.50899703379703,18.465334289404538,18.444876242227924,18.472000122070312,18.45549964904785,0,0,40
2025-09-26 09:00:00+00:00,18.464000701904297,FLAT,London,Q1,49.41331298719918,18.46528199185551,18.445066535359036,18.474000930786133,18.45599937438965,0,0,40
2025-09-26 09:15:00+00:00,18.474939346313477,FLAT,London,Q1,56.38463650429946,18.465660711638176,18.445363777259082,18.481000900268555,18.46299934387207,0,0,40
2025-09-26 09:30:00+00:00,18.466779708862305,FLAT,London,Q1,50.76468303358138,18.465704593882258,18.44557687110588,18.47599983215332,18.459999084472656,0,0,40
2025-09-26 09:45:00+00:00,18.470050811767578,FLAT,London,Q1,52.79591510470949,18.46587503379933,18.44582039290351,18.47800064086914,18.458999633789062,0,0,40
2025-09-26 10:00:00+00:00,18.473400115966797,FLAT,London,Q1,54.84985181602652,18.4661701350608,18.446094818008618,18.481000900268555,18.46299934387207,0,0,40
2025-09-26 10:15:00+00:00,18.475000381469727,FLAT,London,Q1,55.83857047530821,18.4665164192337,18.446382435555496,18.482999801635742,18.465999603271484,1,0,80
2025-09-26 10:30:00+00:00,18.492000579833984,FLAT,London,Q1,64.68583677655805,18.467515798080772,18.446836347438865,18.500999450683594,18.475000381469727,0,0,40
2025-09-26 10:45:00+00:00,18.505239486694336,FLAT,London,Q1,69.7656669201052,18.468995158418558,18.447417473202602,18.510000228881836,18.48900032043457,0,0,40
2025-09-26 11:00:00+00:00,18.493000030517578,FLAT,London,Q1,61.02573643840255,18.46993652595185,18.447871030986832,18.51300048828125,18.48900032043457,1,0,80
2025-09-26 11:15:00+00:00,18.49626922607422,FLAT,London,Q1,62.38134093366775,18.47096918085861,18.448352605067306,18.5049991607666,18.488500595092773,0,0,40
2025-09-26 11:30:00+00:00,18.487340927124023,FLAT,London,Q1,56.592078529203114,18.47161121012392,18.44874054857036,18.49626922607422,18.475000381469727,0,0,40
2025-09-26 11:45:00+00:00,18.495359420776367,FLAT,London,Q1,60.167406319107165,18.47254251250245,18.449204417945545,18.499000549316406,18.47800064086914,0,0,40
2025-09-26 12:00:00+00:00,18.478160858154297,FLAT,NY,Q1,50.55010949301613,18.472762839782916,18.449492541728716,18.49799919128418,18.472000122070312,0,0,40
2025-09-26 12:15:00+00:00,18.4599609375,FLAT,NY,Q1,42.76079063322349,18.472260804399273,18.449596704870718,18.48699951171875,18.451499938964844,0,0,40
2025-09-26 12:30:00+00:00,18.422500610351562,FLAT,NY,Q1,31.873984424205304,18.47030942424054,18.44932709198993,18.46722984313965,18.420499801635742,0,0,20
2025-09-26 12:45:00+00:00,18.426410675048828,FLAT,NY,Q1,33.76942575869279,18.468587904664396,18.449099067940764,18.441999435424805,18.413999557495117,0,1,60
2025-09-26 13:00:00+00:00,18.403650283813477,FLAT,NY,Q1,28.754311873954407,18.466041331297692,18.448646841233032,18.43000030517578,18.398000717163086,0,0,40
2025-09-26 13:15:00+00:00,18.42304039001465,FLAT,NY,Q1,37.29762394130932,18.46435501987483,18.448392050673647,18.430999755859375,18.386999130249023,0,1,60
2025-09-26 13:30:00+00:00,18.404430389404297,FLAT,NY,Q1,33.184651251061055,18.462005034366182,18.447954621208282,18.43000030517578,18.39699935913086,0,0,20
2025-09-26 13:45:00+00:00,18.41992950439453,FLAT,NY,Q1,39.198268760121174,18.46035501358298,18.447675764324565,18.430999755859375,18.39699935913086,0,0,20
2025-09-26 14:00:00+00:00,18.404930114746094,FLAT,NY,Q1,35.836721622930526,18.458181488138397,18.447250434478015,18.425399780273438,18.398000717163086,0,0,20
2025-09-26 14:15:00+00:00,18.395999908447266,FLAT,NY,Q1,33.96893672239092,18.455742994817175,18.44674047899512,18.41200065612793,18.386999130249023,0,0,20
2025-09-26 14:30:00+00:00,18.369489669799805,FLAT,NY,Q1,29.1173168300909,18.45236051148316,18.44597181422701,18.405000686645508,18.36400032043457,0,0,40
2025-09-26 14:45:00+00:00,18.367910385131836,FLAT,NY,Q1,28.85293821318342,18.449048741822324,18.44519508358925,18.3799991607666,18.347509384155273,0,1,80
2025-09-26 15:00:00+00:00,18.369489669799805,FLAT,NY,Q1,29.54189285229765,18.4459287782136,18.444441795889855,18.374000549316406,18.35300064086914,0,0,40
2025-09-26 15:15:00+00:00,18.349300384521484,FLAT,NY,Q1,26.066798763511898,18.442139429441358,18.443495115179722,18.375,18.3439998626709,0,1,80
2025-09-26 15:30:00+00:00,18.351999282836914,FLAT,NY,Q1,27.29798836164082,18.43860452173138,18.442584708887754,18.361000061035156,18.322999954223633,0,1,80
2025-09-26 15:45:00+00:00,18.378000259399414,FLAT,NY,Q1,38.00839853853301,18.43622788399287,18.44194207754956,18.399999618530273,18.347999572753906,0,0,20
2025-09-26 16:00:00+00:00,18.377910614013672,FLAT,NY,Q1,37.9876195346637,18.43394093222898,18.441304948559154,18.38599967956543,18.3700008392334,0,0,20
2025-09-26 16:15:00+00:00,18.368999481201172,FLAT,NY,Q1,35.887344677799476,18.431394208659263,18.44058549117251,18.384000778198242,18.368000030517578,0,0,20
2025-09-26 16:30:00+00:00,18.378999710083008,FLAT,NY,Q1,39.902931743303014,18.429339522440586,18.439972697330823,18.389999389648438,18.367000579833984,0,0,20
2025-09-26 16:45:00+00:00,18.38758087158203,FLAT,NY,Q1,43.19101732920446,18.42770192828927,18.43945138563183,18.389999389648438,18.374000549316406,0,0,20
2025-09-26 17:00:00+00:00,18.4024600982666,FLAT,Other,Q1,48.456989683359666,18.426712052602106,18.439083313120737,18.410999298095703,18.374500274658203,0,0,20
2025-09-26 17:15:00+00:00,18.394309997558594,FLAT,Other,Q1,45.944729803056596,18.42544138377687,18.438637807493254,18.409000396728516,18.386999130249023,0,0,20
2025-09-26 17:30:00+00:00,18.37700080871582,FLAT,Other,Q1,41.074205367061644,18.42354175338232,18.43802450402283,18.398000717163086,18.37700080871582,0,0,20
2025-09-26 17:45:00+00:00,18.378469467163086,FLAT,Other,Q1,41.639516683456804,18.42177421274627,18.43743191659139,18.385000228881836,18.368000030517578,0,0,20
2025-09-26 18:00:00+00:00,18.3700008392334,FLAT,Other,Q1,39.29834419454427,18.419743884373215,18.43676096059778,18.381000518798828,18.361000061035156,0,0,20
2025-09-26 18:15:00+00:00,18.37299919128418,FLAT,Other,Q1,40.57234752105894,18.417910759154037,18.436126515131974,18.378999710083008,18.364999771118164,0,0,20
2025-09-26 18:30:00+00:00,18.368999481201172,FLAT,Other,Q1,39.38485774898623,18.415992669822554,18.4354585844461,18.382999420166016,18.364999771118164,0,0,20
2025-09-26 18:45:00+00:00,18.366500854492188,FLAT,Other,Q1,38.6243245319175,18.414051814319404,18.434772437879396,18.38599967956543,18.36400032043457,0,0,20
2025-09-26 19:00:00+00:00,18.370370864868164,FLAT,Other,Q1,40.53951848638525,18.41233883590955,18.434131626207645,18.375999450683594,18.358999252319336,0,0,20
2025-09-26 19:15:00+00:00,18.3700008392334,FLAT,Other,Q1,40.40967916192983,18.410678522314406,18.43349350892432,18.375999450683594,18.361000061035156,0,0,20
2025-09-26 19:30:00+00:00,18.36400032043457,FLAT,Other,Q1,38.26916400709648,18.408848004593626,18.43280203441199,18.375999450683594,18.360000610351562,0,0,20
2025-09-26 19:45:00+00:00,18.357999801635742,FLAT,Other,Q1,36.20391183924768,18.406853957418807,18.432057733588344,18.371999740600586,18.353500366210938,0,0,20
2025-09-26 20:00:00+00:00,18.364999771118164,FLAT,Other,Q1,40.25452840351335,18.40521261677957,18.431390490180682,18.37649917602539,18.35300064086914,0,0,20
2025-09-26 20:15:00+00:00,18.357999801635742,FLAT,Other,Q1,37.67819614763065,18.403361133832753,18.43066023457327,18.37299919128418,18.35300064086914,0,0,20
2025-09-26 20:30:00+00:00,18.366369247436523,FLAT,Other,Q1,42.42303164068226,18.401910471621136,18.430020523258477,18.37097930908203,18.351499557495117,0,0,20
2025-09-26 20:45:00+00:00,18.340999603271484,FLAT,Other,Q1,33.97831096320506,18.39952181011723,18.429134742960102,18.368000030517578,18.336999893188477,0,0,20
2025-09-26 21:00:00+00:00,18.340999603271484,FLAT,Other,Q1,33.978310962917945,18.397226821613476,18.428257776396038,18.340999603271484,18.340999603271484,0,0,20
2025-09-28 23:00:00+00:00,18.357999801635742,FLAT,Other,Q1,42.82355319698682,18.39568850710455,18.427558692070065,18.36264991760254,18.35700035095215,0,0,20
2025-09-28 23:15:00+00:00,18.35770034790039,FLAT,Other,Q1,42.714994683563454,18.394198775371052,18.42686358416788,18.360599517822266,18.354999542236328,0,0,20
2025-09-28 23:30:00+00:00,18.357500076293945,FLAT,Other,Q1,42.63714736468862,18.39275961070136,18.426173400009933,18.359569549560547,18.354999542236328,0,0,20
2025-09-28 23:45:00+00:00,18.35700035095215,FLAT,Other,Q1,42.429356513241295,18.391357286789628,18.425485110964583,18.359569549560547,18.354999542236328,0,0,20
2025-09-29 00:00:00+00:00,18.349000930786133,FLAT,Asia,Q1,39.14097820482141,18.389696253220865,18.424724074345892,18.360300064086914,18.34600067138672,0,0,20
2025-09-29 00:15:00+00:00,18.349369049072266,FLAT,Asia,Q1,39.3738350406489,18.388114794234646,18.42397427309939,18.353179931640625,18.3439998626709,0,0,20
2025-09-29 00:30:00+00:00,18.33799934387207,FLAT,Asia,Q1,34.92862750505648,18.386149482455725,18.42311880116678,18.349369049072266,18.336999893188477,0,0,20
2025-09-29 00:45:00+00:00,18.34000015258789,FLAT,Asia,Q1,36.29170748580877,18.38433970481385,18.422291749937138,18.345699310302734,18.333999633789062,0,1,60
2025-09-29 01:00:00+00:00,18.350799560546875,FLAT,Asia,Q1,43.206924592662375,18.383024405038675,18.42158038486858,18.35403060913086,18.339000701904297,0,0,20
2025-09-29 01:15:00+00:00,18.33799934387207,FLAT,Asia,Q1,37.94902239155269,18.381258716365476,18.42074873271936,18.35102081298828,18.337499618530273,0,0,20
2025-09-29 01:30:00+00:00,18.33679962158203,FLAT,Asia,Q1,37.48854760594856,18.3795152224524,18.41991341818068,18.344430923461914,18.329999923706055,0,1,60
2025-09-29 01:45:00+00:00,18.340099334716797,FLAT,Asia,Q1,39.657300816951896,18.37796950136473,18.419119248195965,18.343969345092773,18.33099937438965,0,0,20
2025-09-29 02:00:00+00:00,18.336000442504883,FLAT,Asia,Q1,37.89838039152752,18.37632365591925,18.418292195403023,18.343000411987305,18.327999114990234,0,1,60
2025-09-29 02:15:00+00:00,18.339399337768555,FLAT,Asia,Q1,40.264368026536225,18.374875643442753,18.41750719184447,18.343000411987305,18.329999923706055,0,0,20
2025-09-29 02:30:00+00:00,18.33880043029785,FLAT,Asia,Q1,39.97536088830568,18.373460929201777,18.416724039988285,18.343000411987305,18.332000732421875,0,0,20
2025-09-29 02:45:00+00:00,18.34079933166504,FLAT,Asia,Q1,41.48499346014264,18.372180082239552,18.415968570253728,18.3439998626709,18.332000732421875,0,0,20
2025-09-29 03:00:00+00:00,18.334999084472656,FLAT,Asia,Q1,38.46215373779477,18.370722003895754,18.415162903728543,18.3439998626709,18.334999084472656,0,0,20
2025-09-29 03:15:00+00:00,18.34079933166504,FLAT,Asia,Q1,42.93972625874113,18.369548565769062,18.41442296768811,18.3439998626709,18.334999084472656,0,0,20
2025-09-29 03:30:00+00:00,18.338909149169922,FLAT,Asia,Q1,41.87054612732434,18.368347020020074,18.413671586409322,18.3439998626709,18.33300018310547,0,0,20
2025-09-29 03:45:00+00:00,18.34119987487793,FLAT,Asia,Q1,43.7001329080168,18.36728242609293,18.412950474851797,18.3439998626709,18.33300018310547,0,0,20
2025-09-29 04:00:00+00:00,18.336999893188477,FLAT,Asia,Q1,41.14323050882826,18.366094875782952,18.41219474767107,18.347000122070312,18.336000442504883,0,0,20
2025-09-29 04:15:00+00:00,18.336999893188477,FLAT,Asia,Q1,41.143230508211,18.364953896073366,18.41144654016378,18.342920303344727,18.336000442504883,0,0,20
2025-09-29 04:30:00+00:00,18.327999114990234,FLAT,Asia,Q1,35.91967913028094,18.363504688972068,18.410616217525238,18.342910766601562,18.327499389648438,0,0,20
2025-09-29 04:45:00+00:00,18.327999114990234,FLAT,Asia,Q1,35.919679129735314,18.3621123135218,18.409794156803496,18.336000442504883,18.325000762939453,0,1,60
2025-09-29 05:00:00+00:00,18.330360412597656,FLAT,Asia,Q1,38.302942127296134,18.360867140936538,18.40900377128901,18.336000442504883,18.323999404907227,0,1,60
2025-09-29 05:15:00+00:00,18.326900482177734,FLAT,Asia,Q1,36.17963510293486,18.359535115102858,18.40818682313865,18.33300018310547,18.323999404907227,0,0,20
2025-09-29 05:30:00+00:00,18.327999114990234,FLAT,Asia,Q1,37.36691831328823,18.35829840921609,18.407388935495383,18.336999893188477,18.322999954223633,0,1,60
2025-09-29 05:45:00+00:00,18.32740020751953,FLAT,Asia,Q1,36.963220225572066,18.35708671503191,18.406593027754333,18.336000442504883,18.322999954223633,0,0,20
2025-09-29 06:00:00+00:00,18.329500198364258,FLAT,Asia,Q1,39.434036173342385,18.35600489084887,18.405825934924582,18.339000701904297,18.325000762939453,0,0,20
2025-09-29 06:15:00+00:00,18.327999114990234,FLAT,Asia,Q1,38.27904266929586,18.354906625128923,18.40505153870633,18.336999893188477,18.322999954223633,0,0,20
2025-09-29 06:30:00+00:00,18.33315086364746,FLAT,Asia,Q1,44.307917957645536,18.354053458012004,18.404336109103756,18.336999893188477,18.325000762939453,0,0,20
2025-09-29 06:45:00+00:00,18.31909942626953,FLAT,Asia,Q1,34.42954004715753,18.352682711669164,18.4034879829064,18.334510803222656,18.31399917602539,0,0,20
2025-09-29 07:00:00+00:00,18.320240020751953,FLAT,London,Q1,35.683041919438566,18.351410449280255,18.402659644974516,18.334999084472656,18.31100082397461,0,1,60
2025-09-29 07:15:00+00:00,18.31800079345703,FLAT,London,Q1,34.29685237843428,18.350100266698952,18.4018172683425,18.323999404907227,18.309999465942383,0,1,60
2025-09-29 07:30:00+00:00,18.3302001953125,FLAT,London,Q1,46.49239895451305,18.34931987174262,18.40110466065066,18.34000015258789,18.312999725341797,0,0,20
2025-09-29 07:45:00+00:00,18.329919815063477,FLAT,London,Q1,46.27978099145038,18.348559085206183,18.400396353729395,18.336999893188477,18.316499710083008,0,0,20
2025-09-29 08:00:00+00:00,18.329160690307617,FLAT,London,Q1,45.670795434627664,18.34779836383761,18.399687541158038,18.33799934387207,18.320999145507812,0,0,20
2025-09-29 08:15:00+00:00,18.33180046081543,FLAT,London,Q1,48.222298899358165,18.347170995091645,18.399012047821298,18.343000411987305,18.320999145507812,0,0,20
2025-09-29 08:30:00+00:00,18.32830047607422,FLAT,London,Q1,45.191845860556775,18.34643097473802,18.398308450092475,18.340999603271484,18.32200050354004,0,0,20
2025-09-29 08:45:00+00:00,18.324499130249023,FLAT,London,Q1,42.097480002979104,18.345570902405118,18.397574028999507,18.332000732421875,18.31999969482422,0,0,20
2025-09-29 09:00:00+00:00,18.334999084472656,FLAT,London,Q1,51.89538138202141,18.34515632130973,18.39695139273556,18.339000701904297,18.320999145507812,0,0,20
2025-09-29 09:15:00+00:00,18.33300018310547,FLAT,London,Q1,50.15541030558113,18.344679610007603,18.396315062291478,18.340999603271484,18.325000762939453,0,0,20
2025-09-29 09:30:00+00:00,18.34000015258789,FLAT,London,Q1,55.75054689714731,18.344496101873496,18.395754714931243,18.347999572753906,18.332000732421875,1,0,60
2025-09-29 09:45:00+00:00,18.346399307250977,FLAT,London,Q1,60.15395587006758,18.344570737378493,18.39526361634736,18.35700035095215,18.339500427246094,1,0,60
2025-09-29 10:00:00+00:00,18.34869956970215,FLAT,London,Q1,61.632007676611465,18.34473265237158,18.394800292500147,18.357999801635742,18.342500686645508,1,0,60
2025-09-29 10:15:00+00:00,18.345190048217773,FLAT,London,Q1,58.091448560784634,18.34475058946359,18.394306658228682,18.35700035095215,18.33799934387207,0,0,20
2025-09-29 10:30:00+00:00,18.35032081604004,FLAT,London,Q1,61.56747883328869,18.34496902972149,18.393868988157156,18.356000900268555,18.336999893188477,0,0,20
2025-09-29 10:45:00+00:00,18.351999282836914,FLAT,London,Q1,62.658633177408646,18.345244725922097,18.393452374173872,18.35700035095215,18.342500686645508,0,0,20
2025-09-29 11:00:00+00:00,18.351999282836914,FLAT,London,Q1,62.65863317626724,18.345509610506994,18.393039905603356,18.361000061035156,18.3439998626709,1,0,60
2025-09-29 11:15:00+00:00,18.361000061035156,FLAT,London,Q1,68.26259751229053,18.346117079155157,18.39272110117979,18.367000579833984,18.349000930786133,0,0,20
2025-09-29 11:30:00+00:00,18.35710906982422,FLAT,London,Q1,63.804770834005225,18.346548137612764,18.39236675260909,18.367000579833984,18.349000930786133,0,0,20
2025-09-29 11:45:00+00:00,18.345029830932617,FLAT,London,Q1,52.3708756130173,18.34648859617433,18.391895738463052,18.361000061035156,18.336000442504883,0,0,20
2025-09-29 12:00:00+00:00,18.337379455566406,FLAT,NY,Q1,46.666897605169055,18.346131374974018,18.391353287886968,18.34600067138672,18.32900047302246,0,0,20
2025-09-29 12:15:00+00:00,18.32699966430664,FLAT,NY,Q1,40.25994204759108,18.345381111810593,18.39071295332398,18.3439998626709,18.32550048828125,0,0,20
2025-09-29 12:30:00+00:00,18.318300247192383,FLAT,NY,Q1,35.821116129701394,18.34431911711968,18.38999242888486,18.34000015258789,18.312000274658203,0,1,60
2025-09-29 12:45:00+00:00,18.323909759521484,FLAT,NY,Q1,40.38534719218581,18.34351875015505,18.389334889886218,18.327999114990234,18.304000854492188,0,1,60
2025-09-29 13:00:00+00:00,18.337900161743164,FLAT,NY,Q1,49.94630464084098,18.34329841335458,18.38882310154649,18.344999313354492,18.31450080871582,0,0,20
2025-09-29 13:15:00+00:00,18.332590103149414,FLAT,NY,Q1,46.8735358854532,18.342878479621046,18.38826356922413,18.35099983215332,18.326000213623047,0,0,20
2025-09-29 13:30:00+00:00,18.301769256591797,FLAT,NY,Q1,33.85462926433115,18.341266353227745,18.387402929297437,18.33268928527832,18.287500381469727,0,0,40
2025-09-29 13:45:00+00:00,18.301700592041016,FLAT,NY,Q1,33.83208436704204,18.339714754749835,18.386550169722746,18.30900001525879,18.290000915527344,0,0,40
2025-09-29 14:00:00+00:00,18.304399490356445,FLAT,NY,Q1,35.646110808997875,18.33832984242068,18.38573275002756,18.312000274658203,18.288999557495117,0,0,40
2025-09-29 14:15:00+00:00,18.322389602661133,FLAT,NY,Q1,46.2284311185718,18.337704734979127,18.385102469954262,18.32900047302246,18.29800033569336,0,0,20
2025-09-29 14:30:00+00:00,18.314559936523438,FLAT,NY,Q1,42.920440085989085,18.336797095824,18.384400554198734,18.325000762939453,18.305999755859375,0,0,20
2025-09-29 14:45:00+00:00,18.32699966430664,FLAT,NY,Q1,49.1466920743141,18.33641288282332,18.38382940106548,18.336000442504883,18.30699920654297,0,0,20
2025-09-29 15:00:00+00:00,18.340599060058594,FLAT,NY,Q1,54.9341407440007,18.33657704663647,18.383399248418648,18.347999572753906,18.31100082397461,0,0,20
2025-09-29 15:15:00+00:00,18.332000732421875,FLAT,NY,Q1,50.9834230651824,18.336397583333937,18.382887820398782,18.35099983215332,18.32900047302246,0,0,20
2025-09-29 15:30:00+00:00,18.34476089477539,FLAT,NY,Q1,56.03646768069359,18.33672555633164,18.382508448004522,18.356000900268555,18.329999923706055,0,0,20
2025-09-29 15:45:00+00:00,18.34469985961914,FLAT,NY,Q1,56.00672645284974,18.33703827410762,18.382132243144966,18.350000381469727,18.33300018310547,0,0,20
2025-09-29 16:00:00+00:00,18.352710723876953,FLAT,NY,Q1,59.076753559359716,18.33765287998093,18.381839491709464,18.356000900268555,18.33799934387207,0,0,20
2025-09-29 16:15:00+00:00,18.367630004882812,FLAT,NY,Q1,64.10120858556456,18.338828453506494,18.381698103780842,18.3700008392334,18.3439998626709,0,0,20
2025-09-29 16:30:00+00:00,18.36574935913086,FLAT,NY,Q1,63.050335966927285,18.339884175295683,18.381539409804226,18.3700008392334,18.34950065612793,0,0,20
2025-09-29 16:45:00+00:00,18.36450958251953,FLAT,NY,Q1,62.32495367737241,18.340849877539753,18.38136995878647,18.375,18.358999252319336,1,0,60
2025-09-29 17:00:00+00:00,18.356290817260742,FLAT,Other,Q1,57.59444381695165,18.341455404587634,18.381120415089697,18.368000030517578,18.344999313354492,0,0,20
2025-09-29 17:15:00+00:00,18.341999053955078,FLAT,Other,Q1,50.42687364832344,18.341476724170672,18.38073114781473,18.360000610351562,18.33799934387207,0,0,20
2025-09-29 17:30:00+00:00,18.33690071105957,FLAT,Other,Q1,48.12596829382282,18.34129727267612,18.38029502406592,18.35099983215332,18.334999084472656,0,0,20
2025-09-29 17:45:00+00:00,18.33049964904785,FLAT,Other,Q1,45.32940649665834,18.3408738364554,18.37979954769758,18.347999572753906,18.323999404907227,0,0,20
2025-09-29 18:00:00+00:00,18.332000732421875,FLAT,Other,Q1,46.120101819082585,18.340525871591343,18.379323937595334,18.340999603271484,18.326000213623047,0,0,20
2025-09-29 18:15:00+00:00,18.3369197845459,FLAT,Other,Q1,48.736620888997045,18.34038445641309,18.378902005724196,18.3439998626709,18.33099937438965,0,0,20
2025-09-29 18:30:00+00:00,18.3439998626709,FLAT,Other,Q1,52.32523690008426,18.340526237050653,18.37855472071869,18.3439998626709,18.329999923706055,0,0,20
2025-09-29 18:45:00+00:00,18.33099937438965,FLAT,Other,Q1,45.96268357066607,18.34015263459336,18.37808153319303,18.3439998626709,18.320999145507812,0,0,20
2025-09-29 19:00:00+00:00,18.341899871826172,FLAT,Other,Q1,51.308840305365585,18.34022115370053,18.377721516662014,18.35099983215332,18.324499130249023,0,0,20
2025-09-29 19:15:00+00:00,18.348100662231445,FLAT,Other,Q1,54.09129664584068,18.340530154035076,18.37742678179206,18.35099983215332,18.33799934387207,0,0,20
2025-09-29 19:30:00+00:00,18.362529754638672,FLAT,Other,Q1,59.842069455131565,18.341392883470512,18.37727855266616,18.362689971923828,18.341999053955078,0,0,20
2025-09-29 19:45:00+00:00,18.36199951171875,FLAT,Other,Q1,59.54687330168587,18.34220098653907,18.377126522407977,18.368000030517578,18.354999542236328,0,0,20
2025-09-29 20:00:00+00:00,18.360000610351562,FLAT,Other,Q1,58.37777033283447,18.342899011002306,18.37695611532284,18.3700008392334,18.357999801635742,0,0,20
2025-09-29 20:15:00+00:00,18.354000091552734,FLAT,Other,Q1,54.89361316602048,18.34333434749448,18.376727697175873,18.367000579833984,18.35300064086914,0,0,20
2025-09-29 20:30:00+00:00,18.351999282836914,FLAT,Other,Q1,53.741847107262736,18.34367414888046,18.376481643301855,18.36199951171875,18.340999603271484,0,0,20
2025-09-29 20:45:00+00:00,18.360139846801758,FLAT,Other,Q1,57.63649293925322,18.344319862524436,18.376319038361558,18.368000030517578,18.347999572753906,0,0,20
2025-09-29 21:00:00+00:00,18.355329513549805,FLAT,Other,Q1,54.70549194401746,18.34475161354504,18.376110187368408,18.375,18.35276985168457,0,0,20
2025-09-29 21:15:00+00:00,18.354999542236328,FLAT,Other,Q1,54.50075010306998,18.345153493101563,18.37590013119794,18.368000030517578,18.35342025756836,0,0,20
2025-09-29 21:30:00+00:00,18.358999252319336,FLAT,Other,Q1,56.6200933413618,18.34569646405128,18.3757319632489,18.368000030517578,18.354999542236328,0,0,20
2025-09-29 21:45:00+00:00,18.358999252319336,FLAT,Other,Q1,56.6200933406517,18.346218142022575,18.375565468612784,18.368000030517578,18.356000900268555,0,0,20
2025-09-29 22:00:00+00:00,18.36570930480957,FLAT,Other,Q1,60.22484776567815,18.346982501347558,18.37546739733116,18.367000579833984,18.35099983215332,0,0,20
2025-09-29 22:15:00+00:00,18.365230560302734,FLAT,Other,Q1,59.842761639532746,18.347698111502662,18.37536553825625,18.366750717163086,18.36199951171875,0,0,20
2025-09-29 22:30:00+00:00,18.360000610351562,FLAT,Other,Q1,55.68640192578558,18.348180562437914,18.37521265340148,18.368000030517578,18.358999252319336,0,0,20
2025-09-29 22:45:00+00:00,18.358999252319336,FLAT,Other,Q1,54.90016812498978,18.348604824786204,18.375051326027528,18.364030838012695,18.357999801635742,0,0,20
2025-09-29 23:00:00+00:00,18.360000610351562,FLAT,Other,Q1,55.575641753190105,18.349051718337787,18.374901567662594,18.364479064941406,18.357999801635742,0,0,20
2025-09-29 23:15:00+00:00,18.35573959350586,FLAT,Other,Q1,52.006224251215365,18.34931398795222,18.374710901253074,18.364330291748047,18.351999282836914,0,0,20
2025-09-29 23:30:00+00:00,18.35300064086914,FLAT,Other,Q1,49.79245497248928,18.34945856257641,18.37449487876169,18.357999801635742,18.351999282836914,0,0,20
2025-09-29 23:45:00+00:00,18.356199264526367,FLAT,Other,Q1,52.34374732617995,18.34972290382935,18.374312832848904,18.36199951171875,18.351499557495117,0,0,20
2025-09-30 00:00:00+00:00,18.36094093322754,FLAT,Asia,Q1,55.91967536368638,18.35016282655085,18.37417977912133,18.367000579833984,18.351499557495117,0,0,20
2025-09-30 00:15:00+00:00,18.360599517822266,FLAT,Asia,Q1,55.59619306061725,18.350572108561494,18.374044652143233,18.368000030517578,18.35449981689453,0,0,20
2025-09-30 00:30:00+00:00,18.362720489501953,FLAT,Asia,Q1,57.250636688627566,18.351048515657197,18.373931973907997,18.368000030517578,18.356000900268555,0,0,20
2025-09-30 00:45:00+00:00,18.375200271606445,FLAT,Asia,Q1,65.41582195473214,18.351995643341482,18.373944593785595,18.381999969482422,18.357999801635742,0,0,20
2025-09-30 01:00:00+00:00,18.369359970092773,FLAT,Asia,Q1,59.67177117503354,18.35267659733173,18.3738989756394,18.37700080871582,18.361499786376953,0,0,20
2025-09-30 01:15:00+00:00,18.366300582885742,FLAT,Asia,Q1,56.855392848202705,18.353210871275024,18.373823369741356,18.374000549316406,18.36199951171875,0,0,20
2025-09-30 01:30:00+00:00,18.367000579833984,FLAT,Asia,Q1,57.35138339138441,18.35375164415969,18.373755481284565,18.374000549316406,18.361000061035156,0,0,20
2025-09-30 01:45:00+00:00,18.374799728393555,FLAT,Asia,Q1,62.52112831436255,18.354577059227687,18.373765871803066,18.381999969482422,18.36400032043457,0,0,20
2025-09-30 02:00:00+00:00,18.368999481201172,FLAT,Asia,Q1,56.98845481789202,18.35514264440312,18.37371844503091,18.381999969482422,18.36750030517578,0,0,20
2025-09-30 02:15:00+00:00,18.365999221801758,FLAT,Asia,Q1,54.3111711519869,18.3555683925364,18.373641636839576,18.37700080871582,18.36400032043457,0,0,20
2025-09-30 02:30:00+00:00,18.367900848388672,FLAT,Asia,Q1,55.73075402217892,18.3560520182561,18.373584514566435,18.375,18.362499237060547,0,0,20
2025-09-30 02:45:00+00:00,18.361000061035156,FLAT,Asia,Q1,49.69636337194213,18.3562460591494,18.37345929612334,18.371999740600586,18.36050033569336,0,0,20
2025-09-30 03:00:00+00:00,18.361000061035156,FLAT,Asia,Q1,49.69636337110238,18.3564324905959,18.3733353236349,18.367450714111328,18.357500076293945,0,0,20
2025-09-30 03:15:00+00:00,18.354999542236328,FLAT,Asia,Q1,44.8040395281536,18.356376296542585,18.37315287804885,18.368000030517578,18.354999542236328,0,0,20
2025-09-30 03:30:00+00:00,18.354999542236328,FLAT,Asia,Q1,44.80403952736201,18.356322306177635,18.372972247841762,18.364999771118164,18.353500366210938,0,0,20
2025-09-30 03:45:00+00:00,18.357999801635742,FLAT,Asia,Q1,47.78479886833539,18.35638809031325,18.37282326827752,18.364999771118164,18.353500366210938,0,0,20
2025-09-30 04:00:00+00:00,18.360300064086914,FLAT,Asia,Q1,50.01361684014319,18.35654150104947,18.3726986592806,18.364999771118164,18.354000091552734,0,0,20
2025-09-30 04:15:00+00:00,18.364999771118164,FLAT,Asia,Q1,54.30524492506483,18.35687319791491,18.37262205342824,18.364999771118164,18.354000091552734,0,0,20
2025-09-30 04:30:00+00:00,18.356000900268555,FLAT,Asia,Q1,46.13711374709227,18.35683899016407,18.372456668819687,18.36400032043457,18.35099983215332,0,0,20
2025-09-30 04:45:00+00:00,18.35672950744629,FLAT,Asia,Q1,46.83438518650611,18.35683469672416,18.37230017965179,18.36199951171875,18.350500106811523,0,0,20
2025-09-30 05:00:00+00:00,18.353700637817383,FLAT,Asia,Q1,44.268825770971254,18.356711792453307,18.37211510958379,18.360000610351562,18.347999572753906,0,1,60
2025-09-30 05:15:00+00:00,18.354299545288086,FLAT,Asia,Q1,44.91142854578947,18.35661719452526,18.371937840287316,18.358999252319336,18.34749984741211,0,0,20
2025-09-30 05:30:00+00:00,18.35099983215332,FLAT,Asia,Q1,42.03560122315236,18.356396905804793,18.371729501897924,18.358999252319336,18.347999572753906,0,0,20
2025-09-30 05:45:00+00:00,18.344499588012695,FLAT,Asia,Q1,37.00821509934657,18.35593034432275,18.37145855748116,18.358999252319336,18.340499877929688,0,0,20
2025-09-30 06:00:00+00:00,18.344999313354492,FLAT,Asia,Q1,37.625827720218815,18.35550167644164,18.371195281420196,18.360000610351562,18.340499877929688,0,0,20
2025-09-30 06:15:00+00:00,18.340499877929688,FLAT,Asia,Q1,34.35928941804235,18.354913370617645,18.370889854519792,18.35099983215332,18.332500457763672,0,0,20
2025-09-30 06:30:00+00:00,18.335399627685547,FLAT,Asia,Q1,31.06685503357879,18.35414812579678,18.370536717934378,18.349000930786133,18.33099937438965,0,1,60
2025-09-30 06:45:00+00:00,18.341699600219727,FLAT,Asia,Q1,38.86027834409865,18.35365994832317,18.370249781439703,18.347999572753906,18.331499099731445,0,0,20
2025-09-30 07:00:00+00:00,18.341699600219727,FLAT,London,Q1,38.86027834334763,18.35319091506421,18.36996570003453,18.354000091552734,18.337499618530273,0,0,20
2025-09-30 07:15:00+00:00,18.339000701904297,FLAT,London,Q1,36.79352430231542,18.352634436116762,18.369657590600397,18.349000930786133,18.333999633789062,0,0,20
2025-09-30 07:30:00+00:00,18.354000091552734,FLAT,London,Q1,52.05503812152819,18.3526879912319,18.369501794589972,18.371000289916992,18.336999893188477,0,0,20
2025-09-30 07:45:00+00:00,18.3540096282959,FLAT,London,Q1,52.06296346977818,18.35273982013637,18.369347643681575,18.36199951171875,18.34600067138672,0,0,20
2025-09-30 08:00:00+00:00,18.3439998626709,FLAT,London,Q1,43.866652515238584,18.352397076706353,18.3690954269551,18.357999801635742,18.3435001373291,0,0,20
2025-09-30 08:15:00+00:00,18.34906005859375,FLAT,London,Q1,48.2978983622214,18.352266213250957,18.368896070055982,18.354999542236328,18.339000701904297,0,0,20
2025-09-30 08:30:00+00:00,18.332550048828125,FLAT,London,Q1,37.810230789685214,18.351493030332414,18.36853441810347,18.35099983215332,18.323999404907227,0,1,60
2025-09-30 08:45:00+00:00,18.33094024658203,FLAT,London,Q1,36.967325851921636,18.35068703881279,18.36816034674505,18.336999893188477,18.320499420166016,0,1,60
2025-09-30 09:00:00+00:00,18.339000701904297,FLAT,London,Q1,43.731382605255966,18.35022875109089,18.36787020102524,18.349000930786133,18.325000762939453,0,0,20
2025-09-30 09:15:00+00:00,18.344200134277344,FLAT,London,Q1,47.63497001961018,18.34999233474526,18.367634677973022,18.351930618286133,18.335500717163086,0,0,20
2025-09-30 09:30:00+00:00,18.338930130004883,FLAT,London,Q1,44.281749229057894,18.349558522794656,18.367349060580306,18.347999572753906,18.332000732421875,0,0,20
2025-09-30 09:45:00+00:00,18.340709686279297,FLAT,London,Q1,45.6724753552051,18.349211509597975,18.367083992179303,18.344999313354492,18.331499099731445,0,0,20
2025-09-30 10:00:00+00:00,18.348159790039062,FLAT,London,Q1,51.16771304959813,18.3491702656937,18.366895691660496,18.35300064086914,18.332500457763672,0,0,20
2025-09-30 10:15:00+00:00,18.340299606323242,FLAT,London,Q1,45.89333514150968,18.348822396698782,18.366631053995448,18.351999282836914,18.33449935913086,0,0,20
2025-09-30 10:30:00+00:00,18.339309692382812,FLAT,London,Q1,45.26056692927008,18.348449349470705,18.366359199651043,18.343000411987305,18.33300018310547,0,0,20
2025-09-30 10:45:00+00:00,18.327499389648438,FLAT,London,Q1,38.4492487839337,18.34762778241885,18.3659725348749,18.34600067138672,18.32699966430664,0,0,20
2025-09-30 11:00:00+00:00,18.339399337768555,FLAT,London,Q1,47.08942121742575,18.34730509831492,18.365708124953443,18.3439998626709,18.319000244140625,0,1,60
2025-09-30 11:15:00+00:00,18.341419219970703,FLAT,London,Q1,48.413134271946056,18.347074279556324,18.36546644430685,18.34600067138672,18.33099937438965,0,0,20
2025-09-30 11:30:00+00:00,18.33300018310547,FLAT,London,Q1,43.525323343133195,18.346522354205312,18.365143396931714,18.3439998626709,18.332000732421875,0,0,20
2025-09-30 11:45:00+00:00,18.333999633789062,FLAT,London,Q1,44.24496931459426,18.346031267130165,18.36483350874124,18.3439998626709,18.32900047302246,0,0,20
2025-09-30 12:00:00+00:00,18.330400466918945,FLAT,NY,Q1,42.16141136871597,18.345418294572863,18.364490891409673,18.347000122070312,18.327999114990234,0,0,20
2025-09-30 12:15:00+00:00,18.320999145507812,FLAT,NY,Q1,37.22964814310028,18.344460680884037,18.364058137719105,18.33799934387207,18.31049919128418,0,1,60
2025-09-30 12:30:00+00:00,18.327999114990234,FLAT,NY,Q1,42.61231739212182,18.343815129280358,18.363699341473048,18.33799934387207,18.31800079345703,0,0,20
2025-09-30 12:45:00+00:00,18.328290939331055,FLAT,NY,Q1,42.83240879238142,18.34320633751764,18.363347019063674,18.34000015258789,18.30900001525879,0,1,60
2025-09-30 13:00:00+00:00,18.33245086669922,FLAT,NY,Q1,46.01102703029238,18.342784554348288,18.363039594662038,18.34600067138672,18.31599998474121,0,0,20
2025-09-30 13:15:00+00:00,18.35194969177246,FLAT,NY,Q1,57.84317838233935,18.34314397150218,18.362929247369607,18.360000610351562,18.326000213623047,1,0,60
2025-09-30 13:30:00+00:00,18.338909149169922,FLAT,NY,Q1,49.95762248311834,18.342977900038168,18.362690241417372,18.354000091552734,18.32699966430664,0,0,20
2025-09-30 13:45:00+00:00,18.342639923095703,FLAT,NY,Q1,51.97476961353649,18.342964646040425,18.36249073576243,18.35099983215332,18.3174991607666,0,0,20
2025-09-30 14:00:00+00:00,18.331279754638672,FLAT,NY,Q1,45.906753260157075,18.342506415005065,18.362180178736327,18.347000122070312,18.316999435424805,0,0,20
2025-09-30 14:15:00+00:00,18.325389862060547,FLAT,NY,Q1,43.09736250838907,18.341835177634692,18.361814105933586,18.340999603271484,18.319000244140625,0,0,20
2025-09-30 14:30:00+00:00,18.309709548950195,FLAT,NY,Q1,36.66438523390537,18.34057534905883,18.361295652630268,18.32900047302246,18.303499221801758,0,1,80
2025-09-30 14:45:00+00:00,18.332250595092773,FLAT,NY,Q1,48.55286982174618,18.340248888118985,18.361006647082633,18.341999053955078,18.30299949645996,0,0,20
2025-09-30 15:00:00+00:00,18.34317970275879,FLAT,NY,Q1,53.14515003325224,18.34036382202643,18.36082926455205,18.347999572753906,18.320499420166016,0,0,20
2025-09-30 15:15:00+00:00,18.334999084472656,FLAT,NY,Q1,49.57783938722199,18.340153440161576,18.360572247834842,18.347000122070312,18.326000213623047,0,0,20
2025-09-30 15:30:00+00:00,18.341129302978516,FLAT,NY,Q1,52.16881283317331,18.340191709291652,18.36037878569697,18.347000122070312,18.328500747680664,0,0,20
2025-09-30 15:45:00+00:00,18.340999603271484,FLAT,NY,Q1,52.10780409967518,18.34022339140851,18.360185958011147,18.351999282836914,18.327999114990234,0,0,20
2025-09-30 16:00:00+00:00,18.347930908203125,FLAT,NY,Q1,55.127883103820345,18.340525646969084,18.360064017217038,18.354999542236328,18.33099937438965,0,0,20
2025-09-30 16:15:00+00:00,18.350170135498047,FLAT,NY,Q1,56.09120825119008,18.340903862205515,18.35996557063277,18.35700035095215,18.33449935913086,0,0,20
2025-09-30 16:30:00+00:00,18.32309913635254,FLAT,NY,Q1,43.83826358445794,18.34020563766226,18.359598740440926,18.356000900268555,18.319000244140625,0,0,20
2025-09-30 16:45:00+00:00,18.323999404907227,FLAT,NY,Q1,44.274231194449584,18.33957009912285,18.35924451819681,18.336000442504883,18.315500259399414,0,0,20
2025-09-30 17:00:00+00:00,18.323299407958984,FLAT,Other,Q1,43.98830125093061,18.3389320328027,18.35888685540837,18.32900047302246,18.308000564575195,0,0,20
2025-09-30 17:15:00+00:00,18.31155014038086,FLAT,Other,Q1,39.390033170770714,18.337858233099883,18.358415843318546,18.327999114990234,18.299999237060547,0,1,60
2025-09-30 17:30:00+00:00,18.31092071533203,FLAT,Other,Q1,39.15390376331907,18.336801859854088,18.357943254980373,18.320999145507812,18.30299949645996,0,0,20
2025-09-30 17:45:00+00:00,18.311569213867188,FLAT,Other,Q1,39.55594167287232,18.335812344325188,18.35748182173547,18.31800079345703,18.302000045776367,0,0,20
2025-09-30 18:00:00+00:00,18.316909790039062,FLAT,Other,Q1,42.90189427533735,18.335071067686517,18.357078119927547,18.32900047302246,18.304000854492188,0,0,20
2025-09-30 18:15:00+00:00,18.32093048095703,FLAT,Other,Q1,45.35444645885973,18.334516534873593,18.356718441927843,18.325000762939453,18.308000564575195,0,0,20
2025-09-30 18:30:00+00:00,18.314199447631836,FLAT,Other,Q1,42.094658980471166,18.333719786354308,18.356295367357735,18.32699966430664,18.305999755859375,0,0,20
2025-09-30 18:45:00+00:00,18.32794952392578,FLAT,Other,Q1,50.00042221576488,18.333493501553193,18.356013319164383,18.33099937438965,18.312000274658203,0,0,20
2025-09-30 19:00:00+00:00,18.3233699798584,FLAT,Other,Q1,47.66622392320253,18.333096500702418,18.355688509818055,18.334999084472656,18.31599998474121,0,0,20
2025-09-30 19:15:00+00:00,18.32270050048828,FLAT,Other,Q1,47.318452216884275,18.33268881441951,18.355360270919252,18.33099937438965,18.312999725341797,0,0,20
2025-09-30 19:30:00+00:00,18.319000244140625,FLAT,Other,Q1,45.34906492926634,18.332152007741907,18.354998479608025,18.33099937438965,18.31599998474121,0,0,20
2025-09-30 19:45:00+00:00,18.313190460205078,FLAT,Other,Q1,42.3674870507053,18.331408417642425,18.35458247941496,18.329999923706055,18.30299949645996,0,0,20
2025-09-30 20:00:00+00:00,18.31800079345703,FLAT,Other,Q1,45.55904977634529,18.330882628458685,18.35421848253976,18.32699966430664,18.30299949645996,0,0,20
2025-09-30 20:15:00+00:00,18.322139739990234,FLAT,Other,Q1,48.216275489271084,18.330539770087373,18.353899291071606,18.32699966430664,18.30900001525879,0,0,20
2025-09-30 20:30:00+00:00,18.30900001525879,FLAT,Other,Q1,41.32095802836374,18.329695073819586,18.353452532108296,18.32699966430664,18.302000045776367,0,0,40
2025-09-30 20:45:00+00:00,18.305999755859375,FLAT,Other,Q1,39.917244824373185,18.328765845664282,18.352980365180446,18.316999435424805,18.29800033569336,0,1,80
2025-09-30 21:00:00+00:00,18.304990768432617,FLAT,Other,Q1,39.4321020525237,18.327833489694413,18.3525028567551,18.312000274658203,18.295000076293945,0,1,80
2025-09-30 21:15:00+00:00,18.303970336914062,FLAT,Other,Q1,38.91695566288892,18.32689767978146,18.352019946109916,18.305429458618164,18.29800033569336,0,0,40
2025-09-30 21:30:00+00:00,18.30299949645996,FLAT,Other,Q1,38.402919518799045,18.325960496121795,18.351532180441758,18.309499740600586,18.298999786376953,0,0,40
2025-09-30 21:45:00+00:00,18.30299949645996,FLAT,Other,Q1,38.40291951823637,18.325060064762507,18.351049268163333,18.309999465942383,18.302000045776367,0,0,40
2025-09-30 22:00:00+00:00,18.29599952697754,FLAT,Other,Q1,34.583151302902834,18.323920435829766,18.350501509544568,18.309999465942383,18.283000946044922,0,1,80
2025-09-30 22:15:00+00:00,18.305999755859375,FLAT,Other,Q1,43.265174963818545,18.32321766406622,18.35005870602531,18.31100082397461,18.29400062561035,0,0,40
2025-09-30 22:30:00+00:00,18.30699920654297,FLAT,Other,Q1,44.06419442143332,18.322581646124135,18.349630253294148,18.312240600585938,18.29199981689453,0,0,40
2025-09-30 22:45:00+00:00,18.310739517211914,FLAT,Other,Q1,47.068557101926906,18.322117248911894,18.349243280795818,18.313030242919922,18.29599952697754,0,0,20
2025-09-30 23:00:00+00:00,18.304000854492188,FLAT,Other,Q1,42.626419165270136,18.321406802071905,18.348793107399764,18.31175994873047,18.292999267578125,0,0,40
2025-09-30 23:15:00+00:00,18.304000854492188,FLAT,Other,Q1,42.62641916462723,18.32072421589231,18.348347413340985,18.309999465942383,18.29400062561035,0,0,40
2025-09-30 23:30:00+00:00,18.312700271606445,FLAT,Other,Q1,49.7296920908395,18.320409551410513,18.347992715413277,18.314010620117188,18.29400062561035,0,0,20
2025-09-30 23:45:00+00:00,18.313640594482422,FLAT,Other,Q1,50.44388466540726,18.320144102119215,18.347650903264714,18.316999435424805,18.29800033569336,0,0,20
2025-10-01 00:00:00+00:00,18.316810607910156,FLAT,Asia,Q1,52.87456549915155,18.320013376856117,18.34734403465422,18.31999969482422,18.292999267578125,0,0,20
2025-10-01 00:15:00+00:00,18.317399978637695,FLAT,Asia,Q1,53.33286978544157,18.319910890651474,18.347046083848088,18.31999969482422,18.299999237060547,0,0,20
2025-10-01 00:30:00+00:00,18.31760025024414,FLAT,Asia,Q1,53.498363798424286,18.319820277302167,18.346753090478895,18.320999145507812,18.30299949645996,0,0,20
2025-10-01 00:45:00+00:00,18.31529998779297,FLAT,Asia,Q1,51.25029173412841,18.319643011046903,18.346440124283017,18.32200050354004,18.30500030517578,0,0,20
2025-10-01 01:00:00+00:00,18.31399917602539,FLAT,Asia,Q1,49.97145967528001,18.319421684183315,18.346117328777968,18.322999954223633,18.305999755859375,0,0,20
2025-10-01 01:15:00+00:00,18.30699920654297,FLAT,Asia,Q1,43.658254371136394,18.31893452819742,18.345728093730855,18.319000244140625,18.30299949645996,0,0,40
2025-10-01 01:30:00+00:00,18.309999465942383,FLAT,Asia,Q1,46.7627485126146,18.318584133599185,18.345372584996642,18.31800079345703,18.29800033569336,0,0,40
2025-10-01 01:45:00+00:00,18.30699920654297,FLAT,Asia,Q1,44.143299091102165,18.318129822734235,18.344990760335413,18.316999435424805,18.29800033569336,0,0,40
2025-10-01 02:00:00+00:00,18.31399917602539,FLAT,Asia,Q1,51.034879675581486,18.31796783658879,18.34468238636218,18.320999145507812,18.297000885009766,0,0,20
2025-10-01 02:15:00+00:00,18.312000274658203,FLAT,Asia,Q1,49.16928475559829,18.317733814552295,18.344357191220848,18.319000244140625,18.302000045776367,0,0,20
2025-10-01 02:30:00+00:00,18.31100082397461,FLAT,Asia,Q1,48.22013794721858,18.31746977570611,18.344025287069144,18.320999145507812,18.298999786376953,0,0,20
2025-10-01 02:45:00+00:00,18.308000564575195,FLAT,Asia,Q1,45.38770373813994,18.317098434093133,18.343666832118956,18.319000244140625,18.302000045776367,0,0,40
2025-10-01 03:00:00+00:00,18.313589096069336,FLAT,Asia,Q1,51.144352557387435,18.31696081299416,18.343367551163237,18.316999435424805,18.301000595092773,0,0,20
2025-10-01 03:15:00+00:00,18.319860458374023,FLAT,Asia,Q1,56.66474020279738,18.317074524577684,18.343133649742448,18.323999404907227,18.30500030517578,1,0,60
2025-10-01 03:30:00+00:00,18.31399917602539,FLAT,Asia,Q1,50.8784033674987,18.316953922673672,18.34284375448158,18.323999404907227,18.31100082397461,0,0,20
2025-10-01 03:45:00+00:00,18.312000274658203,FLAT,Asia,Q1,49.039249640529704,18.316759661967183,18.342536854184832,18.322999954223633,18.302000045776367,0,0,20
2025-10-01 04:00:00+00:00,18.304000854492188,FLAT,Asia,Q1,42.42924600579216,18.31625931657601,18.34215341140182,18.319000244140625,18.298999786376953,0,0,40
2025-10-01 04:15:00+00:00,18.308000564575195,FLAT,Asia,Q1,46.32494227712186,18.31593544394853,18.341813582080164,18.31399917602539,18.29800033569336,0,0,40
2025-10-01 04:30:00+00:00,18.29599952697754,FLAT,Asia,Q1,38.01319212671435,18.315153643283,18.34135772083536,18.312000274658203,18.29400062561035,0,0,40
2025-10-01 04:45:00+00:00,18.290000915527344,FLAT,Asia,Q1,34.665175433274655,18.314167261802385,18.340846707847223,18.305999755859375,18.285999298095703,0,0,40
2025-10-01 05:00:00+00:00,18.29718017578125,FLAT,Asia,Q1,41.325788214656946,18.31350110156626,18.340412214990845,18.302000045776367,18.281999588012695,0,1,80
2025-10-01 05:15:00+00:00,18.292999267578125,FLAT,Asia,Q1,38.84236497764674,18.31269710807653,18.339940444369827,18.301000595092773,18.284000396728516,0,0,40
2025-10-01 05:30:00+00:00,18.297199249267578,FLAT,Asia,Q1,42.57561757545014,18.312089348907552,18.33951515884642,18.301000595092773,18.288000106811523,0,0,40
2025-10-01 05:45:00+00:00,18.298599243164062,FLAT,Asia,Q1,43.80697056106857,18.311560325152904,18.339108035307294,18.304000854492188,18.288000106811523,0,0,40
2025-10-01 06:00:00+00:00,18.28700065612793,FLAT,Asia,Q1,36.77193434277368,18.310597200877414,18.338589553922425,18.304000854492188,18.280000686645508,0,1,80
2025-10-01 06:15:00+00:00,18.288999557495117,FLAT,Asia,Q1,38.60192484324529,18.309750234470265,18.338096121122156,18.297590255737305,18.27899932861328,0,1,80
2025-10-01 06:30:00+00:00,18.286869049072266,FLAT,Asia,Q1,37.36075515784825,18.308852933082107,18.33758639901221,18.299999237060547,18.277999877929688,0,1,80
2025-10-01 06:45:00+00:00,18.306400299072266,FLAT,Asia,Q1,52.45360521866244,18.30875675135623,18.33727608956007,18.31100082397461,18.280000686645508,0,0,40
2025-10-01 07:00:00+00:00,18.280000686645508,FLAT,London,Q1,38.83343007691876,18.30762906254405,18.33670618505346,18.30722999572754,18.277000427246094,0,1,80
2025-10-01 07:15:00+00:00,18.301109313964844,FLAT,London,Q1,50.010611447649104,18.30737338612918,18.336351987331184,18.305999755859375,18.277999877929688,0,0,40
2025-10-01 07:30:00+00:00,18.29840087890625,FLAT,London,Q1,48.77894339137157,18.30702152310083,18.335974364361782,18.308000564575195,18.285999298095703,0,0,40
2025-10-01 07:45:00+00:00,18.274200439453125,FLAT,London,Q1,39.43373594427719,18.30573442178131,18.335359698442293,18.301000595092773,18.270999908447266,0,0,40
2025-10-01 08:00:00+00:00,18.268999099731445,FLAT,London,Q1,37.75934206639195,18.30429382091661,18.334699393977512,18.281999588012695,18.253999710083008,0,0,40
2025-10-01 08:15:00+00:00,18.267000198364258,FLAT,London,Q1,37.107249431344954,18.302831325914557,18.334025770140563,18.274999618530273,18.253999710083008,0,0,40
2025-10-01 08:30:00+00:00,18.261999130249023,FLAT,London,Q1,35.457387149486635,18.30123006333944,18.333309087156568,18.274999618530273,18.256000518798828,0,0,40
2025-10-01 08:45:00+00:00,18.27850914001465,FLAT,London,Q1,44.26724123362111,18.300339046738465,18.33276381405068,18.281999588012695,18.260000228881836,0,0,40
2025-10-01 09:00:00+00:00,18.28236961364746,FLAT,London,Q1,46.11921170257914,18.299634363087836,18.332262379220797,18.288000106811523,18.267000198364258,0,0,40
2025-10-01 09:15:00+00:00,18.284000396728516,FLAT,London,Q1,46.92159461790451,18.299021266367863,18.33178216048953,18.29199981689453,18.270999908447266,0,0,40
2025-10-01 09:30:00+00:00,18.285709381103516,FLAT,London,Q1,47.7989063003046,18.29849923165161,18.33132372487375,18.29199981689453,18.27400016784668,0,0,40
2025-10-01 09:45:00+00:00,18.2810001373291,FLAT,London,Q1,45.56401798900265,18.29781299265857,18.330822992659378,18.29400062561035,18.274999618530273,0,0,40
2025-10-01 10:00:00+00:00,18.283000946044922,FLAT,London,Q1,46.70418906778164,18.29723212808549,18.330347151399536,18.288999557495117,18.27199935913086,0,0,40
2025-10-01 10:15:00+00:00,18.291179656982422,FLAT,London,Q1,51.20341080561839,18.29699477627753,18.329957425086928,18.29199981689453,18.270999908447266,0,0,40
2025-10-01 10:30:00+00:00,18.274700164794922,FLAT,London,Q1,43.275942614901325,18.296120477788016,18.329407601601435,18.293039321899414,18.267000198364258,0,0,40
2025-10-01 10:45:00+00:00,18.28820037841797,FLAT,London,Q1,50.09274631020149,18.295809885655856,18.32899757948021,18.292999267578125,18.267000198364258,0,0,40
2025-10-01 11:00:00+00:00,18.280319213867188,FLAT,London,Q1,46.573973482978445,18.29520240833081,18.328513217633315,18.290000915527344,18.26799964904785,0,0,40
2025-10-01 11:15:00+00:00,18.26449966430664,FLAT,London,Q1,40.43418410731684,18.29399837915339,18.327876266853945,18.284000396728516,18.260000228881836,0,0,40
2025-10-01 11:30:00+00:00,18.263999938964844,FLAT,London,Q1,40.2536590507599,18.29282196973423,18.327240681501817,18.275999069213867,18.256000518798828,0,0,40
2025-10-01 11:45:00+00:00,18.250999450683594,FLAT,London,Q1,35.778358655319366,18.291181870947934,18.326482062289696,18.268999099731445,18.24799919128418,0,0,40
2025-10-01 12:00:00+00:00,18.274999618530273,FLAT,NY,Q1,47.403822908906626,18.290547272813907,18.325969799167712,18.27899932861328,18.246000289916992,0,1,80
2025-10-01 12:15:00+00:00,18.262479782104492,FLAT,NY,Q1,43.02809707274209,18.289446586903733,18.325338057704396,18.27899932861328,18.229000091552734,0,1,80
2025-10-01 12:30:00+00:00,18.264989852905273,FLAT,NY,Q1,44.14136338550147,18.288487499295954,18.324737578054656,18.27899932861328,18.2450008392334,0,0,40
2025-10-01 12:45:00+00:00,18.27389907836914,FLAT,NY,Q1,48.023609966568024,18.287915404357648,18.324231722336393,18.28499984741211,18.25200080871582,0,0,40
2025-10-01 13:00:00+00:00,18.29490089416504,FLAT,NY,Q1,55.818878789351814,18.28818934513441,18.323939873299864,18.299999237060547,18.267000198364258,0,0,40
2025-10-01 13:15:00+00:00,18.277700424194336,FLAT,NY,Q1,49.297783732906126,18.287778014901466,18.323479779278916,18.29800033569336,18.257999420166016,0,0,40
2025-10-01 13:30:00+00:00,18.283870697021484,FLAT,NY,Q1,51.48727795257693,18.287624786749312,18.323085659057448,18.297000885009766,18.26099967956543,0,0,40
2025-10-01 13:45:00+00:00,18.280899047851562,FLAT,NY,Q1,50.35936659317314,18.287361032282735,18.32266589178177,18.30500030517578,18.275999069213867,1,0,80
2025-10-01 14:00:00+00:00,18.317129135131836,FLAT,NY,Q1,61.44800899786465,18.288528408865055,18.3226107996758,18.319000244140625,18.270000457763672,0,0,20
2025-10-01 14:15:00+00:00,18.303329467773438,FLAT,NY,Q1,56.290281365856245,18.289108842547737,18.32241894562702,18.323999404907227,18.295499801635742,1,0,80
2025-10-01 14:30:00+00:00,18.30221939086914,FLAT,NY,Q1,55.88392541338404,18.289622981697597,18.322217955032418,18.308000564575195,18.285999298095703,0,0,40
2025-10-01 14:45:00+00:00,18.324800491333008,FLAT,NY,Q1,61.907920480002026,18.29100249187938,18.32224365191103,18.329999923706055,18.28499984741211,0,0,20
2025-10-01 15:00:00+00:00,18.328420639038086,FLAT,NY,Q1,62.785261800689014,18.292469870199326,18.322305114469508,18.339000701904297,18.31100082397461,1,0,60
2025-10-01 15:15:00+00:00,18.333070755004883,FLAT,NY,Q1,63.934340967730726,18.29406206176033,18.322412235270857,18.3439998626709,18.31800079345703,1,0,60
2025-10-01 15:30:00+00:00,18.33926010131836,FLAT,NY,Q1,65.4629145552088,18.29583453389986,18.32257987572904,18.350000381469727,18.323999404907227,1,0,60
2025-10-01 15:45:00+00:00,18.361400604248047,FLAT,NY,Q1,70.31047381635638,18.298405752344888,18.322966151634702,18.363000869750977,18.332000732421875,0,0,40
2025-10-01 16:00:00+00:00,18.34777069091797,FLAT,NY,Q1,64.32488655223386,18.300341632288934,18.323212962970853,18.367000579833984,18.334999084472656,1,0,60
2025-10-01 16:15:00+00:00,18.333999633789062,FLAT,NY,Q1,58.87167893502225,18.30166155391639,18.323320293028747,18.35300064086914,18.333499908447266,0,0,20
2025-10-01 16:30:00+00:00,18.36236000061035,FLAT,NY,Q1,65.38076126323062,18.30404188515929,18.323708747830555,18.36400032043457,18.333999633789062,0,0,20
2025-10-01 16:45:00+00:00,18.355649948120117,FLAT,NY,Q1,62.84645932460072,18.306065730765596,18.32402657071901,18.3700008392334,18.3439998626709,1,0,60
2025-10-01 17:00:00+00:00,18.35504913330078,FLAT,Other,Q1,62.61243103862074,18.307986648512074,18.324335252933754,18.363000869750977,18.347000122070312,0,0,20
2025-10-01 17:15:00+00:00,18.350000381469727,FLAT,Other,Q1,60.571247191038964,18.30963424588296,18.32459062734705,18.365999221801758,18.343000411987305,0,0,20
2025-10-01 17:30:00+00:00,18.358999252319336,FLAT,Other,Q1,62.89325207594563,18.31157012848831,18.324933001724883,18.371000289916992,18.349000930786133,1,0,60
2025-10-01 17:45:00+00:00,18.36720085144043,FLAT,Other,Q1,64.92090523741311,18.313751725466823,18.325353577343943,18.3799991607666,18.356000900268555,1,0,60
2025-10-01 18:00:00+00:00,18.361000061035156,FLAT,Other,Q1,62.15553196904271,18.31560460137146,18.325708268723957,18.3799991607666,18.358999252319336,0,0,20
2025-10-01 18:15:00+00:00,18.36993980407715,FLAT,Other,Q1,64.50312079370926,18.31773539363443,18.326148383503593,18.375,18.358999252319336,0,0,20
2025-10-01 18:30:00+00:00,18.35235023498535,FLAT,Other,Q1,57.00965255863518,18.31909283839329,18.326409098443712,18.375999450683594,18.347000122070312,0,0,20
2025-10-01 18:45:00+00:00,18.361190795898438,FLAT,Other,Q1,59.55295630795665,18.320743738687607,18.32675518498555,18.36400032043457,18.347000122070312,0,0,20
2025-10-01 19:00:00+00:00,18.36199951171875,FLAT,Other,Q1,59.787320409942616,18.322361612139808,18.32710587480379,18.375999450683594,18.350000381469727,0,0,20
2025-10-01 19:15:00+00:00,18.36775016784668,FLAT,Other,Q1,61.49583299727467,18.324141555500862,18.32751029563009,18.375,18.361000061035156,0,0,20
2025-10-01 19:30:00+00:00,18.358999252319336,FLAT,Other,Q1,57.49279796966288,18.32550852400355,18.327823618582222,18.374000549316406,18.35700035095215,0,0,20
2025-10-01 19:45:00+00:00,18.37166976928711,FLAT,Other,Q1,61.409738269015484,18.32731876891663,18.328259898688742,18.375,18.35650062561035,0,0,20
2025-10-01 20:00:00+00:00,18.371000289916992,FLAT,Other,Q1,61.089422733725456,18.329031769740173,18.3286851762134,18.38599967956543,18.36199951171875,1,0,60
2025-10-01 20:15:00+00:00,18.371000289916992,FLAT,Other,Q1,61.089422733212885,18.330677594060834,18.3291062221209,18.38800048828125,18.368999481201172,1,0,60
2025-10-01 20:30:00+00:00,18.375999450683594,FLAT,Other,Q1,62.77112807353257,18.332454921771532,18.329572821410082,18.385000228881836,18.364999771118164,0,0,20
2025-10-01 20:45:00+00:00,18.368000030517578,FLAT,Other,Q1,58.420111853623844,18.33384884760471,18.32995518169971,18.393999099731445,18.358999252319336,1,0,60
2025-10-01 21:00:00+00:00,18.368000030517578,FLAT,Other,Q1,58.42011185307869,18.335188109679724,18.33033373740934,18.407499313354492,18.368000030517578,1,0,60
2025-10-01 21:15:00+00:00,18.372499465942383,FLAT,Other,Q1,60.21888581639467,18.336651300121396,18.33075329689723,18.372499465942383,18.3700008392334,0,0,20
2025-10-01 21:30:00+00:00,18.35150909423828,FLAT,Other,Q1,49.46758986456392,18.337233958714215,18.33095982224391,18.374000549316406,18.351119995117188,0,0,20
2025-10-01 21:45:00+00:00,18.3700008392334,FLAT,Other,Q1,56.787128061477965,18.33851893442085,18.33134829007465,18.3700008392334,18.35276985168457,0,0,20
2025-10-01 22:00:00+00:00,18.38010025024414,FLAT,Other,Q1,60.17964216558047,18.340149574257058,18.33183338420569,18.382999420166016,18.350000381469727,0,0,20
2025-10-01 22:15:00+00:00,18.38599967956543,FLAT,Other,Q1,62.05367375154456,18.341947617602486,18.332372352318725,18.386999130249023,18.367000579833984,0,0,20
2025-10-01 22:30:00+00:00,18.384370803833008,FLAT,Other,Q1,61.19729358883919,18.34361127196447,18.33288974984623,18.38800048828125,18.371999740600586,0,0,20
2025-10-01 22:45:00+00:00,18.385820388793945,FLAT,Other,Q1,61.70381178752884,18.34526653144798,18.333416422870584,18.38800048828125,18.371999740600586,0,0,20
2025-10-01 23:00:00+00:00,18.3799991607666,FLAT,Other,Q1,58.40657313255866,18.34662859534283,18.3338799327004,18.386999130249023,18.368999481201172,0,0,20
2025-10-01 23:15:00+00:00,18.378000259399414,FLAT,Other,Q1,57.274789708177565,18.34785885667838,18.33431894092626,18.38599967956543,18.371000289916992,0,0,20
2025-10-01 23:30:00+00:00,18.3847599029541,FLAT,Other,Q1,60.09114829149659,18.34930595653233,18.33482084104594,18.38602066040039,18.371000289916992,0,0,20
2025-10-01 23:45:00+00:00,18.383060455322266,FLAT,Other,Q1,59.03748878301026,18.350629662367233,18.335300837207892,18.384960174560547,18.37700080871582,0,0,20
2025-10-02 00:00:00+00:00,18.38759994506836,FLAT,Asia,Q1,61.00441971863951,18.35207947737512,18.335821226340833,18.391300201416016,18.378000259399414,0,0,20
2025-10-02 00:15:00+00:00,18.390499114990234,FLAT,Asia,Q1,62.25110850946996,18.353586129830617,18.336365284934363,18.39253044128418,18.38450050354004,0,0,20
2025-10-02 00:30:00+00:00,18.38450050354004,FLAT,Asia,Q1,58.111435688370356,18.35479845821138,18.336844242333424,18.3918399810791,18.38249969482422,0,0,20
2025-10-02 00:45:00+00:00,18.39006996154785,FLAT,Asia,Q1,60.72301915458802,18.356181654420652,18.33737385147984,18.39150047302246,18.381999969482422,0,0,20
2025-10-02 01:00:00+00:00,18.386899948120117,FLAT,Asia,Q1,58.487867112205784,18.35738629338926,18.337866648461336,18.394739151000977,18.384000778198242,0,0,20
2025-10-02 01:15:00+00:00,18.383899688720703,FLAT,Asia,Q1,56.37288658051743,18.358426034382653,18.338324688662922,18.38995933532715,18.378000259399414,0,0,20
2025-10-02 01:30:00+00:00,18.377399444580078,FLAT,Asia,Q1,51.9866880309407,18.35917008968451,18.338713492204388,18.383800506591797,18.37150001525879,0,0,20
2025-10-02 01:45:00+00:00,18.377399444580078,FLAT,Asia,Q1,51.98668803027055,18.35988496634708,18.339098427053898,18.380830764770508,18.374000549316406,0,0,20
2025-10-02 02:00:00+00:00,18.375099182128906,FLAT,Asia,Q1,50.377984946521046,18.360481602260094,18.339456643522304,18.380199432373047,18.370500564575195,0,0,20
2025-10-02 02:15:00+00:00,18.376699447631836,FLAT,Asia,Q1,51.5023409824706,18.361117596196245,18.339827218687574,18.3799991607666,18.368000030517578,0,0,20
2025-10-02 02:30:00+00:00,18.371000289916992,FLAT,Asia,Q1,47.38450430665161,18.361505152812747,18.340137398500804,18.3799991607666,18.364999771118164,0,0,20
2025-10-02 02:45:00+00:00,18.3700008392334,FLAT,Asia,Q1,46.67964079294516,18.361838316986105,18.34043454716481,18.3799991607666,18.364999771118164,0,0,20
2025-10-02 03:00:00+00:00,18.37989044189453,FLAT,Asia,Q1,53.97526045088607,18.362546243453103,18.340827143132273,18.384000778198242,18.368000030517578,0,0,20
2025-10-02 03:15:00+00:00,18.375999450683594,FLAT,Asia,Q1,51.017555462018564,18.36307382020724,18.34117711634174,18.38599967956543,18.371000289916992,0,0,20
2025-10-02 03:30:00+00:00,18.383499145507812,FLAT,Asia,Q1,56.020011116370576,18.363874813356283,18.341598231059812,18.38599967956543,18.371000289916992,0,0,20
2025-10-02 03:45:00+00:00,18.37969970703125,FLAT,Asia,Q1,53.0633731180074,18.36449539742197,18.341977350223708,18.38599967956543,18.371000289916992,0,0,20
2025-10-02 04:00:00+00:00,18.382299423217773,FLAT,Asia,Q1,54.82043950247249,18.365193594512,18.342378564880367,18.385000228881836,18.3700008392334,0,0,20
2025-10-02 04:15:00+00:00,18.375,FLAT,Asia,Q1,49.24607680818058,18.365578159433095,18.34270315627459,18.385000228881836,18.371000289916992,0,0,20
2025-10-02 04:30:00+00:00,18.375,FLAT,Asia,Q1,49.24607680744179,18.365947643376895,18.3430245179037,18.382999420166016,18.371999740600586,0,0,20
2025-10-02 04:45:00+00:00,18.375,FLAT,Asia,Q1,49.246076806646165,18.36630263775427,18.34334268190466,18.381999969482422,18.368999481201172,0,0,20
2025-10-02 05:00:00+00:00,18.37820053100586,FLAT,Asia,Q1,51.92324350396052,18.366769221803352,18.343689526174327,18.382999420166016,18.367000579833984,0,0,20
2025-10-02 05:15:00+00:00,18.378299713134766,FLAT,Asia,Q1,52.00772725319642,18.367221397933996,18.344033906144084,18.384000778198242,18.367000579833984,0,0,20
2025-10-02 05:30:00+00:00,18.37980079650879,FLAT,Asia,Q1,53.34401940193826,18.367714707682026,18.34438979560045,18.384000778198242,18.367000579833984,0,0,20
2025-10-02 05:45:00+00:00,18.376800537109375,FLAT,Asia,Q1,50.32770963552388,18.368071014718392,18.344712290540837,18.382999420166016,18.365999221801758,0,0,20
2025-10-02 06:00:00+00:00,18.361000061035156,FLAT,Asia,Q1,38.10711527456012,18.36779372241709,18.344874357908942,18.377309799194336,18.354000091552734,0,0,20
2025-10-02 06:15:00+00:00,18.370399475097656,FLAT,Asia,Q1,46.43909759848481,18.367895908796722,18.345128339174504,18.375999450683594,18.354000091552734,0,0,20
2025-10-02 06:30:00+00:00,18.37820053100586,FLAT,Asia,Q1,52.19150905787832,18.368300011628452,18.345457415710143,18.381999969482422,18.35300064086914,0,1,60
2025-10-02 06:45:00+00:00,18.374879837036133,FLAT,Asia,Q1,49.74250311079886,18.368558043997382,18.34575017612135,18.38599967956543,18.364999771118164,0,0,20
2025-10-02 07:00:00+00:00,18.361000061035156,FLAT,London,Q1,41.06821076573664,18.368261652508664,18.345901916269746,18.3799991607666,18.354000091552734,0,0,20
2025-10-02 07:15:00+00:00,18.375,FLAT,London,Q1,50.453501948392265,18.36852590142989,18.346191449441193,18.382999420166016,18.357999801635742,0,0,20
2025-10-02 07:30:00+00:00,18.372299194335938,FLAT,London,Q1,48.83763849954687,18.36867387370072,18.34645122799736,18.382999420166016,18.363000869750977,0,0,20
2025-10-02 07:45:00+00:00,18.357999801635742,FLAT,London,Q1,41.29652039977541,18.36825528263935,18.346566139177842,18.375999450683594,18.35099983215332,0,1,60
2025-10-02 08:00:00+00:00,18.344999313354492,FLAT,London,Q1,35.873062265735754,18.367343283843866,18.34655054887114,18.368000030517578,18.343000411987305,0,0,20
2025-10-02 08:15:00+00:00,18.347999572753906,FLAT,London,Q1,37.89999027605655,18.366584706938376,18.346564967019226,18.360000610351562,18.341999053955078,0,1,60
2025-10-02 08:30:00+00:00,18.357900619506836,FLAT,London,Q1,44.17135293656171,18.36624415449008,18.346677759581294,18.371999740600586,18.344999313354492,0,0,20
2025-10-02 08:45:00+00:00,18.33650016784668,FLAT,London,Q1,35.764257582067145,18.365077723641317,18.346576490011795,18.364999771118164,18.32900047302246,0,0,20
2025-10-02 09:00:00+00:00,18.346370697021484,FLAT,London,Q1,41.31247237854522,18.364344114754264,18.34657444232035,18.35099983215332,18.329999923706055,0,0,20
2025-10-02 09:15:00+00:00,18.35042953491211,FLAT,London,Q1,43.47452707018912,18.363798444956533,18.34661280145062,18.354000091552734,18.333999633789062,0,0,20
2025-10-02 09:30:00+00:00,18.35708999633789,FLAT,London,Q1,46.929624638346,18.363535368540116,18.346717052146015,18.360000610351562,18.33799934387207,0,0,20
2025-10-02 09:45:00+00:00,18.37299919128418,FLAT,London,Q1,54.14029923887261,18.363906498843804,18.346978565968286,18.37700080871582,18.347000122070312,0,0,20
2025-10-02 10:00:00+00:00,18.386999130249023,FLAT,London,Q1,59.37166819323402,18.364812092232246,18.347376780538244,18.393999099731445,18.36400032043457,0,0,20
2025-10-02 10:15:00+00:00,18.374000549316406,FLAT,London,Q1,53.29299562235117,18.365172423882605,18.347641693660417,18.392000198364258,18.363000869750977,0,0,20
2025-10-02 10:30:00+00:00,18.379810333251953,FLAT,London,Q1,55.48665143305342,18.365746459544148,18.347961779626505,18.386999130249023,18.363000869750977,0,0,20
2025-10-02 10:45:00+00:00,18.37579917907715,FLAT,London,Q1,53.61440912874484,18.36614068383956,18.348238768675767,18.384000778198242,18.364999771118164,0,0,20
2025-10-02 11:00:00+00:00,18.37104034423828,FLAT,London,Q1,51.398558712972225,18.366332827384607,18.34846565002465,18.381999969482422,18.360000610351562,0,0,20
2025-10-02 11:15:00+00:00,18.37360954284668,FLAT,London,Q1,52.53901178862534,18.366618188775277,18.34871583801293,18.37700080871582,18.359500885009766,0,0,20
2025-10-02 11:30:00+00:00,18.364269256591797,FLAT,London,Q1,48.11836024302555,18.36652607378769,18.3488705983968,18.3799991607666,18.354999542236328,0,0,20
2025-10-02 11:45:00+00:00,18.37169075012207,FLAT,London,Q1,51.60285590602188,18.366728610114528,18.349097664583123,18.375,18.354999542236328,0,0,20
2025-10-02 12:00:00+00:00,18.362789154052734,FLAT,NY,Q1,47.483492185679886,18.36657412164152,18.34923389830919,18.375999450683594,18.354000091552734,0,0,20
2025-10-02 12:15:00+00:00,18.375919342041016,FLAT,NY,Q1,53.39353116922681,18.366940600872873,18.349499425112494,18.378999710083008,18.354999542236328,0,0,20
2025-10-02 12:30:00+00:00,18.406009674072266,FLAT,NY,Q1,63.52423528791051,18.368472721390496,18.35006171614692,18.413000106811523,18.367000579833984,0,0,20
2025-10-02 12:45:00+00:00,18.43181037902832,FLAT,NY,Q1,69.62166350199747,18.370956551101784,18.35087513567808,18.437959671020508,18.389999389648438,0,0,20
2025-10-02 13:00:00+00:00,18.4251708984375,FLAT,NY,Q1,66.5391380050772,18.373082603938478,18.351614396999068,18.440000534057617,18.413000106811523,1,0,60
2025-10-02 13:15:00+00:00,18.407630920410156,FLAT,NY,Q1,59.095331469830654,18.374437439878545,18.352171775341468,18.43199920654297,18.398000717163086,0,0,20
2025-10-02 13:30:00+00:00,18.442100524902344,FLAT,NY,Q1,66.92596685850992,18.377090894193206,18.353066588769934,18.453020095825195,18.399999618530273,0,0,40
2025-10-02 13:45:00+00:00,18.445600509643555,FLAT,NY,Q1,67.60412101328828,18.379777545779497,18.353987324301016,18.45599937438965,18.423999786376953,1,0,80
2025-10-02 14:00:00+00:00,18.44849967956543,FLAT,NY,Q1,68.18602509881782,18.382472531418163,18.354927745746433,18.4689998626709,18.429000854492188,1,0,80
2025-10-02 14:15:00+00:00,18.445819854736328,FLAT,NY,Q1,66.98824346763507,18.38495674017574,18.35583214484086,18.459999084472656,18.434999465942383,0,0,40
2025-10-02 14:30:00+00:00,18.4954891204834,FLAT,NY,Q1,75.55824175636435,18.38929134332506,18.357221766489047,18.49799919128418,18.437000274658203,0,0,60
2025-10-02 14:45:00+00:00,18.493410110473633,FLAT,NY,Q1,74.68427523520285,18.393374432232847,18.358576874389392,18.5,18.468000411987305,1,0,100
2025-10-02 15:00:00+00:00,18.508729934692383,FLAT,NY,Q1,76.81264036986958,18.397898177427336,18.360070934690913,18.51099967956543,18.481000900268555,0,0,60
2025-10-02 15:15:00+00:00,18.496999740600586,FLAT,NY,Q1,71.83280810778437,18.401784513238052,18.361433410371607,18.517000198364258,18.483999252319336,1,0,100
2025-10-02 15:30:00+00:00,18.488000869750977,FLAT,NY,Q1,68.1809605498146,18.405165546826794,18.362692788076878,18.509000778198242,18.482999801635742,0,0,40
2025-10-02 15:45:00+00:00,18.486629486083984,FLAT,NY,Q1,67.61680343567667,18.40836021111139,18.363925989052074,18.503999710083008,18.479999542236328,0,0,40
2025-10-02 16:00:00+00:00,18.492679595947266,FLAT,NY,Q1,68.84170071324021,18.411666853653973,18.365207119468945,18.500999450683594,18.472999572753906,0,0,40
2025-10-02 16:15:00+00:00,18.47599983215332,FLAT,NY,Q1,61.89114125068936,18.414189715555906,18.366309534520532,18.496999740600586,18.4689998626709,0,0,40
2025-10-02 16:30:00+00:00,18.477079391479492,FLAT,NY,Q1,62.15745269792423,18.416655977356832,18.367411722151964,18.488000869750977,18.465999603271484,0,0,40
2025-10-02 16:45:00+00:00,18.46307945251465,FLAT,NY,Q1,56.63058286896372,18.418476505794395,18.368363639867013,18.482999801635742,18.45400047302246,0,0,40
2025-10-02 17:00:00+00:00,18.467300415039062,FLAT,Other,Q1,57.84755010470279,18.42039116890203,18.369348085391113,18.472000122070312,18.44300079345703,0,0,40
2025-10-02 17:15:00+00:00,18.458999633789062,FLAT,Other,Q1,54.60265108635578,18.421905226348578,18.37024014059905,18.475000381469727,18.452999114990234,0,0,40
2025-10-02 17:30:00+00:00,18.459999084472656,FLAT,Other,Q1,54.93046424525139,18.423399103137758,18.37113326441869,18.472999572753906,18.457000732421875,0,0,40
2025-10-02 17:45:00+00:00,18.462629318237305,FLAT,Other,Q1,55.834318669725434,18.42493754294558,18.3720436729144,18.469999313354492,18.447999954223633,0,0,40
2025-10-02 18:00:00+00:00,18.459659576416016,FLAT,Other,Q1,54.50520414391711,18.426299191316975,18.37291547294924,18.468000411987305,18.450000762939453,0,0,40
2025-10-02 18:15:00+00:00,18.45816993713379,FLAT,Other,Q1,53.81321823077972,18.42754902448626,18.373763776075457,18.46500015258789,18.447999954223633,0,0,40
2025-10-02 18:30:00+00:00,18.455299377441406,FLAT,Other,Q1,52.431803047978704,18.428637273621757,18.374575075591537,18.464000701904297,18.44300079345703,0,0,40
2025-10-02 18:45:00+00:00,18.443130493164062,FLAT,Other,Q1,46.93170474700045,18.429205635172437,18.37525721904997,18.45800018310547,18.433000564575195,0,0,40
2025-10-02 19:00:00+00:00,18.430400848388672,FLAT,Other,Q1,41.97169659177394,18.429252506278957,18.375805911879215,18.444000244140625,18.42300033569336,0,1,60
2025-10-02 19:15:00+00:00,18.430999755859375,FLAT,Other,Q1,42.28077217803722,18.429321025870344,18.376355104356634,18.44099998474121,18.42300033569336,0,0,20
2025-10-02 19:30:00+00:00,18.42300033569336,FLAT,Other,Q1,39.27198709714574,18.429073155667325,18.376819236011727,18.437999725341797,18.420000076293945,0,0,20
2025-10-02 19:45:00+00:00,18.422630310058594,FLAT,Other,Q1,39.13326287279633,18.42882049505522,18.377275067594283,18.43199920654297,18.415000915527344,0,1,60
2025-10-02 20:00:00+00:00,18.423500061035156,FLAT,Other,Q1,39.672688031613106,18.428611850583845,18.377735017777777,18.430999755859375,18.406999588012695,0,1,60
2025-10-02 20:15:00+00:00,18.435029983520508,FLAT,Other,Q1,46.448190019933755,18.428863542071557,18.378305116939394,18.437999725341797,18.41900062561035,0,0,20
2025-10-02 20:30:00+00:00,18.43600082397461,FLAT,Other,Q1,46.98808237389796,18.42914343547952,18.378879203576563,18.44499969482422,18.423999786376953,0,0,20
2025-10-02 20:45:00+00:00,18.41575050354004,FLAT,Other,Q1,38.31178988840441,18.428618222462283,18.379246082183165,18.444000244140625,18.402000427246094,0,1,60
2025-10-02 21:00:00+00:00,18.410999298095703,FLAT,Other,Q1,36.60401065089939,18.42792728425183,18.379562034580303,18.429000854492188,18.408000946044922,0,0,20
2025-10-02 21:15:00+00:00,18.410999298095703,FLAT,Other,Q1,36.60401065052955,18.427263441657473,18.379874843172495,18.43000030517578,18.409759521484375,0,0,20
2025-10-02 21:30:00+00:00,18.412599563598633,FLAT,Other,Q1,37.6889905041084,18.42668838761595,18.380200462281213,18.423999786376953,18.402000427246094,0,0,20
2025-10-02 21:45:00+00:00,18.413999557495117,FLAT,Other,Q1,38.677763637695286,18.42619078643474,18.380536771686327,18.43000030517578,18.402000427246094,0,0,20
2025-10-02 22:00:00+00:00,18.416000366210938,FLAT,Other,Q1,40.139721039082055,18.42579116211224,18.380889643273637,18.435819625854492,18.400999069213867,0,1,60
2025-10-02 22:15:00+00:00,18.416000366210938,FLAT,Other,Q1,40.13972103856699,18.425407209331798,18.381239003700873,18.43324089050293,18.415000915527344,0,0,20
2025-10-02 22:30:00+00:00,18.427000045776367,FLAT,Other,Q1,48.038220284759205,18.425469673506097,18.38169433745287,18.43600082397461,18.415000915527344,0,0,20
2025-10-02 22:45:00+00:00,18.42840003967285,FLAT,Other,Q1,48.96129380539106,18.42558458982636,18.382159070808292,18.43400001525879,18.416000366210938,0,0,20
2025-10-02 23:00:00+00:00,18.42799949645996,FLAT,Other,Q1,48.69476602749706,18.425679292047285,18.38261519444662,18.43400001525879,18.417999267578125,0,0,20
2025-10-02 23:15:00+00:00,18.426000595092773,FLAT,Other,Q1,47.31064169965816,18.425691892166714,18.38304688997544,18.433000564575195,18.413999557495117,0,0,20
2025-10-02 23:30:00+00:00,18.42300033569336,FLAT,Other,Q1,45.23240677602276,18.425586340932465,18.383444436699,18.43000030517578,18.40999984741211,0,0,20
2025-10-02 23:45:00+00:00,18.422809600830078,FLAT,Other,Q1,45.09678253501449,18.425477449163747,18.38383612987444,18.42799949645996,18.40999984741211,0,0,20
2025-10-03 00:00:00+00:00,18.42993927001953,FLAT,Asia,Q1,51.009941569303706,18.425652422530643,18.384294867587325,18.43600082397461,18.41200065612793,0,0,20
2025-10-03 00:15:00+00:00,18.42099952697754,FLAT,Asia,Q1,44.53333751056715,18.425469956038366,18.384660088078768,18.433000564575195,18.41699981689453,0,0,20
2025-10-03 00:30:00+00:00,18.430179595947266,FLAT,Asia,Q1,51.36252634526218,18.4256546477995,18.38511301850532,18.433000564575195,18.41900062561035,0,0,20
2025-10-03 00:45:00+00:00,18.42490005493164,FLAT,Asia,Q1,47.72335143502305,18.42562505592233,18.385508909415034,18.433000564575195,18.417999267578125,0,0,20
2025-10-03 01:00:00+00:00,18.426429748535156,FLAT,Asia,Q1,48.85408547535209,18.42565661249538,18.385916081943595,18.43000030517578,18.409000396728516,0,0,20
2025-10-03 01:15:00+00:00,18.430620193481445,FLAT,Asia,Q1,51.92197502570129,18.42585126273013,18.386360898973823,18.434999465942383,18.41699981689453,0,0,20
2025-10-03 01:30:00+00:00,18.423999786376953,FLAT,Asia,Q1,47.11374095316854,18.42577865581432,18.386735415266394,18.43400001525879,18.416000366210938,0,0,20
2025-10-03 01:45:00+00:00,18.42106056213379,FLAT,Asia,Q1,45.11618270110745,18.42559363253273,18.387076959016316,18.429000854492188,18.405000686645508,0,0,20
2025-10-03 02:00:00+00:00,18.415000915527344,FLAT,Asia,Q1,41.234566794728174,18.425178231865853,18.387354809329857,18.426000595092773,18.40999984741211,0,0,20
2025-10-03 02:15:00+00:00,18.416900634765625,FLAT,Asia,Q1,42.89336511980212,18.424853620214865,18.38764879764265,18.42300033569336,18.409000396728516,0,0,20
2025-10-03 02:30:00+00:00,18.406999588012695,FLAT,Asia,Q1,37.02702965811007,18.42415346208929,18.387841342820465,18.42300033569336,18.4060001373291,0,0,20
2025-10-03 02:45:00+00:00,18.41629981994629,FLAT,Asia,Q1,44.680406629745946,18.4238454761229,18.38812451174709,18.422000885009766,18.4060001373291,0,0,20
2025-10-03 03:00:00+00:00,18.420909881591797,FLAT,Asia,Q1,48.05076236141036,18.42373035476874,18.38845073433261,18.424999237060547,18.4060001373291,0,0,20
2025-10-03 03:15:00+00:00,18.42300033569336,FLAT,Asia,Q1,49.55169744026724,18.423701726569703,18.38879451146058,18.423999786376953,18.41200065612793,0,0,20
2025-10-03 03:30:00+00:00,18.408000946044922,FLAT,Asia,Q1,40.508082728467095,18.42308600968638,18.388985620262417,18.423999786376953,18.406999588012695,0,0,20
2025-10-03 03:45:00+00:00,18.408000946044922,FLAT,Asia,Q1,40.50808272793628,18.422494438563188,18.389174827484137,18.41900062561035,18.402000427246094,0,1,60
2025-10-03 04:00:00+00:00,18.41200065612793,FLAT,Asia,Q1,43.686565231250526,18.422082917683372,18.38940195015721,18.41699981689453,18.405000686645508,0,0,20
2025-10-03 04:15:00+00:00,18.408000946044922,FLAT,Asia,Q1,41.30973091360781,18.421530683501473,18.389587014792912,18.41900062561035,18.405000686645508,0,0,20
2025-10-03 04:30:00+00:00,18.410999298095703,FLAT,Asia,Q1,43.77910865956815,18.421117687995363,18.389800072338215,18.41900062561035,18.4060001373291,0,0,20
2025-10-03 04:45:00+00:00,18.413299560546875,FLAT,Asia,Q1,45.66778814933206,18.42081109476209,18.390033898091534,18.42024040222168,18.406999588012695,0,0,20
2025-10-03 05:00:00+00:00,18.41309928894043,FLAT,Asia,Q1,45.52439401455836,18.420508671004377,18.39026340446814,18.41900062561035,18.405000686645508,0,0,20
2025-10-03 05:15:00+00:00,18.4158992767334,FLAT,Asia,Q1,47.98353637409925,18.42032791044473,18.390518487774262,18.41900062561035,18.405000686645508,0,0,20
2025-10-03 05:30:00+00:00,18.41200065612793,FLAT,Asia,Q1,44.9414719132848,18.420001351451912,18.390732240693207,18.420000076293945,18.405000686645508,0,0,20
2025-10-03 05:45:00+00:00,18.420400619506836,FLAT,Asia,Q1,52.002187346119186,18.420017009022693,18.391027448442596,18.42300033569336,18.406999588012695,0,0,20
2025-10-03 06:00:00+00:00,18.418180465698242,FLAT,Asia,Q1,50.17085987712803,18.41994498771585,18.391297627718775,18.430999755859375,18.409000396728516,0,0,20
2025-10-03 06:15:00+00:00,18.423879623413086,FLAT,Asia,Q1,54.59158059639707,18.420099287154958,18.391621826680908,18.427000045776367,18.4060001373291,0,0,20
2025-10-03 06:30:00+00:00,18.42037010192871,FLAT,Asia,Q1,51.55818389042871,18.420109907342166,18.391907879170933,18.426000595092773,18.4060001373291,0,0,20
2025-10-03 06:45:00+00:00,18.427400588989258,FLAT,Asia,Q1,56.74351996485992,18.420395816426364,18.39226104046266,18.43600082397461,18.40999984741211,1,0,60
2025-10-03 07:00:00+00:00,18.420270919799805,FLAT,London,Q1,50.80434647796009,18.42039091851944,18.392539745729696,18.43400001525879,18.41200065612793,0,0,20
2025-10-03 07:15:00+00:00,18.399999618530273,FLAT,London,Q1,38.47402728391774,18.419591259696336,18.39261397331975,18.423999786376953,18.39699935913086,0,0,20
2025-10-03 07:30:00+00:00,18.40399932861328,FLAT,London,Q1,41.49137202256436,18.41897981141857,18.392727260437102,18.409000396728516,18.389999389648438,0,1,60
2025-10-03 07:45:00+00:00,18.40019989013672,FLAT,London,Q1,39.509204672972196,18.41824334391732,18.392801614961478,18.40999984741211,18.391000747680664,0,0,20
2025-10-03 08:00:00+00:00,18.395999908447266,FLAT,London,Q1,37.38316551385294,18.41737105233026,18.392833438777256,18.40999984741211,18.385000228881836,0,1,60
2025-10-03 08:15:00+00:00,18.39310073852539,FLAT,London,Q1,35.94527525212372,18.416419275318304,18.39283609847624,18.406999588012695,18.388999938964844,0,0,20
2025-10-03 08:30:00+00:00,18.388999938964844,FLAT,London,Q1,33.95577987797299,18.41534400722601,18.392797927734836,18.402999877929688,18.386999130249023,0,0,20
2025-10-03 08:45:00+00:00,18.394399642944336,FLAT,London,Q1,38.762046728978135,18.414522659607123,18.39281386519961,18.402999877929688,18.385000228881836,0,0,20
2025-10-03 09:00:00+00:00,18.404380798339844,FLAT,London,Q1,46.51084491715051,18.414124939557425,18.392928959061702,18.40999984741211,18.388999938964844,0,0,20
2025-10-03 09:15:00+00:00,18.395000457763672,FLAT,London,Q1,41.23058120452559,18.41337495987924,18.392949570989085,18.409000396728516,18.391000747680664,0,0,20
2025-10-03 09:30:00+00:00,18.39430046081543,FLAT,London,Q1,40.857813117026,18.412626940308108,18.392963012678898,18.40399932861328,18.385000228881836,0,0,20
2025-10-03 09:45:00+00:00,18.386150360107422,FLAT,London,Q1,36.69766139980105,18.411588643045338,18.392895225091124,18.39699935913086,18.378000259399414,0,1,60
2025-10-03 10:00:00+00:00,18.383310317993164,FLAT,London,Q1,35.34704010540081,18.410479689121722,18.392799852881197,18.391000747680664,18.37299919128418,0,1,60
2025-10-03 10:15:00+00:00,18.37299919128418,FLAT,London,Q1,30.900459513322275,18.409009865677113,18.39260283137277,18.386999130249023,18.371000289916992,0,0,20
2025-10-03 10:30:00+00:00,18.38326072692871,FLAT,London,Q1,39.10985271881508,18.408000095530117,18.39250987510965,18.38599967956543,18.368000030517578,0,1,60
2025-10-03 10:45:00+00:00,18.38051986694336,FLAT,London,Q1,37.81748034986738,18.406922439507106,18.392390571545807,18.386999130249023,18.368000030517578,0,0,20
2025-10-03 11:00:00+00:00,18.385189056396484,FLAT,London,Q1,41.37172970748371,18.406070149973356,18.39231891467865,18.391000747680664,18.36400032043457,0,1,60
2025-10-03 11:15:00+00:00,18.38800048828125,FLAT,London,Q1,43.46705726004806,18.405361535789353,18.392275945261762,18.398000717163086,18.378000259399414,0,0,20
2025-10-03 11:30:00+00:00,18.39259910583496,FLAT,London,Q1,46.815292969492155,18.40486104834016,18.39227916078985,18.408000946044922,18.386999130249023,0,0,20
2025-10-03 11:45:00+00:00,18.38599967956543,FLAT,London,Q1,42.88948680256813,18.404121386819583,18.39221667838961,18.398000717163086,18.378999710083008,0,0,20
2025-10-03 12:00:00+00:00,18.405000686645508,FLAT,NY,Q1,54.67468865262239,18.4041558691657,18.392343882451858,18.41400909423828,18.382999420166016,0,0,20
2025-10-03 12:15:00+00:00,18.404909133911133,FLAT,NY,Q1,54.61620669738169,18.404185408959638,18.392468909829564,18.41200065612793,18.391000747680664,0,0,20
